Dates,Close
09/10/2002,22
10/10/2002,23.19
11/10/2002,24.44
14/10/2002,24.65
15/10/2002,26.15
16/10/2002,25.21
17/10/2002,25.39
18/10/2002,26.58
21/10/2002,26.26
22/10/2002,25.84
23/10/2002,26.6
24/10/2002,25.62
25/10/2002,26.34
28/10/2002,25.98
29/10/2002,26.04
30/10/2002,26.56
31/10/2002,26.74
01/11/2002,26.5
04/11/2002,28.05
05/11/2002,28.34
06/11/2002,28.52
07/11/2002,28.01
08/11/2002,27.55
11/11/2002,26.93
12/11/2002,27.26
13/11/2002,27.68
14/11/2002,28.5
15/11/2002,28.35
18/11/2002,27.93
19/11/2002,27.43
20/11/2002,28.31
21/11/2002,28.92
22/11/2002,29.11
25/11/2002,29.12
26/11/2002,28.45
27/11/2002,29.04
29/11/2002,28.84
02/12/2002,28.85
03/12/2002,28.36
04/12/2002,28.27
05/12/2002,27.67
06/12/2002,27.74
09/12/2002,26.77
10/12/2002,27.01
11/12/2002,27.33
12/12/2002,27.09
13/12/2002,26.25
16/12/2002,27.24
17/12/2002,27.18
18/12/2002,26.77
19/12/2002,26.56
20/12/2002,26.52
23/12/2002,27
24/12/2002,26.91
26/12/2002,26.7
27/12/2002,26.49
30/12/2002,26.38
31/12/2002,25.85
02/01/2003,26.86
03/01/2003,26.9
06/01/2003,27.39
07/01/2003,27.9
08/01/2003,27.12
09/01/2003,27.91
10/01/2003,27.96
13/01/2003,28.2
14/01/2003,28.49
15/01/2003,28.14
16/01/2003,27.68
17/01/2003,25.73
21/01/2003,25.67
22/01/2003,25.5
23/01/2003,26.14
24/01/2003,24.93
27/01/2003,24.59
28/01/2003,24.41
29/01/2003,24.96
30/01/2003,24.12
31/01/2003,23.73
03/02/2003,24.28
04/02/2003,23.66
05/02/2003,23.48
06/02/2003,23.71
07/02/2003,23.29
10/02/2003,23.69
11/02/2003,23.22
12/02/2003,23.22
13/02/2003,23.5
14/02/2003,24.15
18/02/2003,24.96
19/02/2003,24.53
20/02/2003,24.15
21/02/2003,24.61
24/02/2003,24.07
25/02/2003,24.19
26/02/2003,23.6
27/02/2003,23.58
28/02/2003,23.7
03/03/2003,23.54
04/03/2003,23.07
05/03/2003,23.44
06/03/2003,23.27
07/03/2003,23.56
10/03/2003,22.95
11/03/2003,22.79
12/03/2003,23.39
13/03/2003,24.67
14/03/2003,24.86
17/03/2003,25.93
18/03/2003,26.04
19/03/2003,26.32
20/03/2003,26.25
21/03/2003,26.57
24/03/2003,25.29
25/03/2003,25.49
26/03/2003,25.25
27/03/2003,25.04
28/03/2003,24.67
31/03/2003,24.21
01/04/2003,24.35
02/04/2003,25.72
03/04/2003,25.73
04/04/2003,25.09
07/04/2003,25.17
08/04/2003,25.58
09/04/2003,24.57
10/04/2003,24.59
11/04/2003,24.2
14/04/2003,24.75
15/04/2003,24.61
16/04/2003,24.91
17/04/2003,25.5
21/04/2003,25.21
22/04/2003,25.74
23/04/2003,25.72
24/04/2003,25.49
25/04/2003,25.21
28/04/2003,25.74
29/04/2003,25.81
30/04/2003,25.56
01/05/2003,25.71
02/05/2003,26.13
05/05/2003,25.86
06/05/2003,26.38
07/05/2003,25.99
08/05/2003,25.75
09/05/2003,26.35
12/05/2003,26.21
13/05/2003,25.99
14/05/2003,25.63
15/05/2003,25.79
16/05/2003,25.57
19/05/2003,24.8
20/05/2003,24.63
21/05/2003,24.03
22/05/2003,24.16
23/05/2003,24.22
27/05/2003,24.79
28/05/2003,24.41
29/05/2003,24.4
30/05/2003,24.61
02/06/2003,24.64
03/06/2003,24.88
04/06/2003,24.87
05/06/2003,24.09
06/06/2003,23.67
09/06/2003,23.75
10/06/2003,24.68
11/06/2003,24.88
12/06/2003,24.99
13/06/2003,24.65
16/06/2003,25.39
17/06/2003,25.96
18/06/2003,26.07
19/06/2003,26.07
20/06/2003,26.33
23/06/2003,25.78
24/06/2003,25.7
25/06/2003,25.26
26/06/2003,25.75
27/06/2003,25.63
30/06/2003,25.64
01/07/2003,26.15
02/07/2003,26.88
03/07/2003,26.5
07/07/2003,27.42
08/07/2003,27.7
09/07/2003,27.47
10/07/2003,26.91
11/07/2003,27.31
14/07/2003,27.4
15/07/2003,27.27
16/07/2003,27.52
17/07/2003,26.69
18/07/2003,26.89
21/07/2003,26.04
22/07/2003,26.38
23/07/2003,26.45
24/07/2003,26
25/07/2003,26.89
28/07/2003,26.61
29/07/2003,26.47
30/07/2003,26.23
31/07/2003,26.41
01/08/2003,26.17
04/08/2003,26.18
05/08/2003,25.66
06/08/2003,25.65
07/08/2003,25.71
08/08/2003,25.58
11/08/2003,25.61
12/08/2003,25.73
13/08/2003,25.6
14/08/2003,25.63
15/08/2003,25.54
18/08/2003,25.7
19/08/2003,26.62
20/08/2003,26.45
21/08/2003,26.24
22/08/2003,26.22
25/08/2003,26.5
26/08/2003,26.57
27/08/2003,26.42
28/08/2003,26.51
29/08/2003,26.52
02/09/2003,27.26
03/09/2003,28.3
04/09/2003,28.43
05/09/2003,28.38
08/09/2003,28.84
09/09/2003,28.37
10/09/2003,27.55
11/09/2003,27.84
12/09/2003,28.34
15/09/2003,28.36
16/09/2003,28.9
17/09/2003,28.5
18/09/2003,29.5
19/09/2003,29.96
22/09/2003,29.07
23/09/2003,29.6
24/09/2003,28.46
25/09/2003,28.24
26/09/2003,28.19
29/09/2003,28.83
30/09/2003,27.8
01/10/2003,28.52
02/10/2003,28.5
03/10/2003,29.08
06/10/2003,29.19
07/10/2003,29.14
08/10/2003,28.82
09/10/2003,28.94
10/10/2003,28.91
13/10/2003,28.78
14/10/2003,28.68
15/10/2003,29.07
16/10/2003,29.23
17/10/2003,28.93
20/10/2003,29.35
21/10/2003,29.35
22/10/2003,28.89
23/10/2003,28.91
24/10/2003,26.61
27/10/2003,26.91
28/10/2003,27.2
29/10/2003,26.74
30/10/2003,26.12
31/10/2003,26.14
03/11/2003,26.68
04/11/2003,26.07
05/11/2003,26.1
06/11/2003,26.23
07/11/2003,26.1
10/11/2003,26
11/11/2003,25.8
12/11/2003,25.98
13/11/2003,25.69
14/11/2003,25.5
17/11/2003,25.15
18/11/2003,25.15
19/11/2003,25.35
20/11/2003,25.1
21/11/2003,25.11
24/11/2003,25.73
25/11/2003,25.4
26/11/2003,25.45
28/11/2003,25.71
01/12/2003,25.84
02/12/2003,25.66
03/12/2003,25.67
04/12/2003,26.2
05/12/2003,25.98
08/12/2003,26.24
09/12/2003,26.38
10/12/2003,26.59
11/12/2003,26.61
12/12/2003,26.65
15/12/2003,26.74
16/12/2003,27.06
17/12/2003,27.04
18/12/2003,27.4
19/12/2003,27.36
22/12/2003,27.18
23/12/2003,27.15
24/12/2003,27.04
26/12/2003,27.21
29/12/2003,27.46
30/12/2003,27.52
31/12/2003,27.37
02/01/2004,27.45
05/01/2004,28.14
06/01/2004,28.24
07/01/2004,28.21
08/01/2004,28.16
09/01/2004,27.66
12/01/2004,27.57
13/01/2004,27.43
14/01/2004,27.7
15/01/2004,27.54
16/01/2004,27.81
20/01/2004,28.1
21/01/2004,28.3
22/01/2004,28.01
23/01/2004,28.48
26/01/2004,28.8
27/01/2004,28.25
28/01/2004,27.71
29/01/2004,27.91
30/01/2004,27.65
02/02/2004,27.4
03/02/2004,27.29
04/02/2004,27.01
05/02/2004,26.96
06/02/2004,27.08
09/02/2004,26.9
10/02/2004,27.02
11/02/2004,27.15
12/02/2004,26.95
13/02/2004,26.59
17/02/2004,26.99
18/02/2004,26.77
19/02/2004,26.46
20/02/2004,26.57
23/02/2004,26.61
24/02/2004,26.88
25/02/2004,26.7
26/02/2004,26.5
27/02/2004,26.53
01/03/2004,26.7
02/03/2004,26.39
03/03/2004,26.37
04/03/2004,26.37
05/03/2004,26.35
08/03/2004,25.83
09/03/2004,25.72
10/03/2004,25.37
11/03/2004,25.09
12/03/2004,25.38
15/03/2004,25.16
16/03/2004,25.18
17/03/2004,25.13
18/03/2004,24.89
19/03/2004,24.63
22/03/2004,24.5
23/03/2004,24.15
24/03/2004,24.41
25/03/2004,25.19
26/03/2004,25.03
29/03/2004,25.31
30/03/2004,25.2
31/03/2004,24.93
01/04/2004,25.08
02/04/2004,25.85
05/04/2004,25.95
06/04/2004,25.8
07/04/2004,25.59
08/04/2004,25.48
12/04/2004,25.61
13/04/2004,25.45
14/04/2004,25.51
15/04/2004,25.22
16/04/2004,25.16
19/04/2004,25.53
20/04/2004,25.33
21/04/2004,25.45
22/04/2004,25.95
23/04/2004,27.54
26/04/2004,27.24
27/04/2004,27.22
28/04/2004,26.56
29/04/2004,26.48
30/04/2004,26.13
03/05/2004,26.35
04/05/2004,26.33
05/05/2004,26.3
06/05/2004,26.12
07/05/2004,25.78
10/05/2004,25.93
11/05/2004,25.94
12/05/2004,25.94
13/05/2004,26.1
14/05/2004,25.86
17/05/2004,25.54
18/05/2004,25.83
19/05/2004,25.62
20/05/2004,25.73
21/05/2004,25.89
24/05/2004,25.76
25/05/2004,26.1
26/05/2004,26.14
27/05/2004,26.19
28/05/2004,26.23
01/06/2004,26.11
02/06/2004,26.13
03/06/2004,25.89
04/06/2004,25.95
07/06/2004,26.43
08/06/2004,26.6
09/06/2004,26.47
10/06/2004,26.77
14/06/2004,26.9
15/06/2004,27.41
16/06/2004,27.32
17/06/2004,27.77
18/06/2004,28.35
21/06/2004,28.35
22/06/2004,28.29
23/06/2004,28.3
24/06/2004,28.39
25/06/2004,28.57
28/06/2004,28.28
29/06/2004,28.5
30/06/2004,28.56
01/07/2004,28.63
02/07/2004,28.57
06/07/2004,28.02
07/07/2004,28.1
08/07/2004,27.64
09/07/2004,27.86
12/07/2004,27.89
13/07/2004,27.6
14/07/2004,28.13
15/07/2004,27.87
16/07/2004,27.48
19/07/2004,27.95
20/07/2004,28.32
21/07/2004,28.86
22/07/2004,29
23/07/2004,28.03
26/07/2004,28.66
27/07/2004,28.44
28/07/2004,28.58
29/07/2004,28.48
30/07/2004,28.49
02/08/2004,28.52
03/08/2004,28.07
04/08/2004,28.06
05/08/2004,27.53
06/08/2004,27.14
09/08/2004,27.18
10/08/2004,27.72
11/08/2004,27.41
12/08/2004,26.88
13/08/2004,27.02
16/08/2004,27.09
17/08/2004,27.05
18/08/2004,27.46
19/08/2004,27.12
20/08/2004,27.2
23/08/2004,27.24
24/08/2004,27.24
25/08/2004,27.55
26/08/2004,27.44
27/08/2004,27.46
30/08/2004,27.3
31/08/2004,27.3
01/09/2004,27.39
02/09/2004,27.62
03/09/2004,27.11
07/09/2004,27.36
08/09/2004,27.26
09/09/2004,27.28
10/09/2004,27.49
13/09/2004,27.25
14/09/2004,27.44
15/09/2004,27.19
16/09/2004,27.26
17/09/2004,27.51
20/09/2004,27.51
21/09/2004,27.26
22/09/2004,27.12
23/09/2004,27.35
24/09/2004,27.29
27/09/2004,27.19
28/09/2004,27.27
29/09/2004,27.58
30/09/2004,27.65
01/10/2004,28.25
04/10/2004,28.12
05/10/2004,28.38
06/10/2004,28.53
07/10/2004,28.17
08/10/2004,27.99
11/10/2004,28.06
12/10/2004,28.03
13/10/2004,28.03
14/10/2004,27.8
15/10/2004,27.99
18/10/2004,28.41
19/10/2004,28.18
20/10/2004,28.7
21/10/2004,28.56
22/10/2004,27.74
25/10/2004,27.63
26/10/2004,27.9
27/10/2004,28.15
28/10/2004,28.01
29/10/2004,27.97
01/11/2004,28.08
02/11/2004,28.24
03/11/2004,28.47
04/11/2004,29
05/11/2004,29.31
08/11/2004,29.28
09/11/2004,29.77
10/11/2004,29.73
11/11/2004,29.98
12/11/2004,29.97
15/11/2004,27.39
16/11/2004,27.12
17/11/2004,27.17
18/11/2004,27.07
19/11/2004,26.86
22/11/2004,26.65
23/11/2004,26.53
24/11/2004,26.64
26/11/2004,26.6
29/11/2004,26.77
30/11/2004,26.81
01/12/2004,27.25
02/12/2004,27.09
03/12/2004,27.23
06/12/2004,27.33
07/12/2004,27.07
08/12/2004,27.36
09/12/2004,27.23
10/12/2004,27.08
13/12/2004,27.25
14/12/2004,27.23
15/12/2004,27.11
16/12/2004,27.16
17/12/2004,26.96
20/12/2004,26.95
21/12/2004,27.07
22/12/2004,26.97
23/12/2004,27.01
27/12/2004,26.85
28/12/2004,26.95
29/12/2004,26.9
30/12/2004,26.76
31/12/2004,26.72
03/01/2005,26.74
04/01/2005,26.84
05/01/2005,26.78
06/01/2005,26.75
07/01/2005,26.67
10/01/2005,26.8
11/01/2005,26.73
12/01/2005,26.78
13/01/2005,26.27
14/01/2005,26.12
18/01/2005,26.32
19/01/2005,25.98
20/01/2005,25.86
21/01/2005,25.65
24/01/2005,25.67
25/01/2005,26.02
26/01/2005,26.01
27/01/2005,26.11
28/01/2005,26.18
31/01/2005,26.28
01/02/2005,26.39
02/02/2005,26.46
03/02/2005,26.18
04/02/2005,26.32
07/02/2005,26.16
08/02/2005,26.24
09/02/2005,26.07
10/02/2005,26.06
11/02/2005,25.97
14/02/2005,26.01
15/02/2005,25.93
16/02/2005,25.79
17/02/2005,25.65
18/02/2005,25.48
22/02/2005,25.23
23/02/2005,25.2
24/02/2005,25.37
25/02/2005,25.25
28/02/2005,25.16
01/03/2005,25.28
02/03/2005,25.26
03/03/2005,25.17
04/03/2005,25.17
07/03/2005,25.47
08/03/2005,25.4
09/03/2005,25.31
10/03/2005,25.43
11/03/2005,25.09
14/03/2005,25.11
15/03/2005,24.91
16/03/2005,24.63
17/03/2005,24.54
18/03/2005,24.31
21/03/2005,24.2
22/03/2005,23.99
23/03/2005,24.18
24/03/2005,24.28
28/03/2005,24.2
29/03/2005,23.92
30/03/2005,24.16
31/03/2005,24.17
01/04/2005,24.12
04/04/2005,24.23
05/04/2005,24.47
06/04/2005,24.67
07/04/2005,25.1
08/04/2005,24.94
11/04/2005,24.97
12/04/2005,25.32
13/04/2005,25.04
14/04/2005,24.84
15/04/2005,24.46
18/04/2005,24.65
19/04/2005,24.63
20/04/2005,24.32
21/04/2005,25.28
22/04/2005,24.98
25/04/2005,24.99
26/04/2005,24.76
27/04/2005,24.99
28/04/2005,24.45
29/04/2005,25.3
02/05/2005,25.23
03/05/2005,25.36
04/05/2005,25.21
05/05/2005,25.23
06/05/2005,25.22
09/05/2005,25.11
10/05/2005,24.9
11/05/2005,24.91
12/05/2005,25
13/05/2005,25.3
16/05/2005,25.49
17/05/2005,25.46
18/05/2005,25.7
19/05/2005,25.92
20/05/2005,25.74
23/05/2005,25.85
24/05/2005,25.75
25/05/2005,25.71
26/05/2005,25.9
27/05/2005,26.07
31/05/2005,25.8
01/06/2005,25.84
02/06/2005,25.79
03/06/2005,25.43
06/06/2005,25.37
07/06/2005,25.51
08/06/2005,25.4
09/06/2005,25.51
10/06/2005,25.43
13/06/2005,25.31
14/06/2005,25.36
15/06/2005,25.26
16/06/2005,25.04
17/06/2005,25.04
20/06/2005,25.11
21/06/2005,25.15
22/06/2005,25.07
23/06/2005,25.31
24/06/2005,25.04
27/06/2005,25.05
28/06/2005,25.07
29/06/2005,25.09
30/06/2005,24.84
01/07/2005,24.71
05/07/2005,24.98
06/07/2005,24.7
07/07/2005,24.65
08/07/2005,25.09
11/07/2005,25.29
12/07/2005,25.61
13/07/2005,25.66
14/07/2005,25.97
15/07/2005,25.79
18/07/2005,25.55
19/07/2005,26.16
20/07/2005,26.19
21/07/2005,26.44
22/07/2005,25.68
25/07/2005,25.69
26/07/2005,25.54
27/07/2005,25.72
28/07/2005,25.75
29/07/2005,25.61
01/08/2005,25.92
02/08/2005,26.81
03/08/2005,27.25
04/08/2005,27.32
05/08/2005,27.76
08/08/2005,27.13
09/08/2005,27.35
10/08/2005,26.95
11/08/2005,27.27
12/08/2005,27.05
15/08/2005,27.13
16/08/2005,26.74
17/08/2005,26.95
18/08/2005,26.82
19/08/2005,26.72
22/08/2005,26.91
23/08/2005,26.87
24/08/2005,26.81
25/08/2005,27.03
26/08/2005,26.97
29/08/2005,27.15
30/08/2005,27.18
31/08/2005,27.38
01/09/2005,27.2
02/09/2005,27.02
06/09/2005,27
07/09/2005,26.85
08/09/2005,26.61
09/09/2005,26.58
12/09/2005,26.61
13/09/2005,26.48
14/09/2005,26.31
15/09/2005,26.27
16/09/2005,26.07
19/09/2005,26
20/09/2005,25.84
21/09/2005,25.49
22/09/2005,25.34
23/09/2005,25.27
26/09/2005,25.27
27/09/2005,25.34
28/09/2005,25.67
29/09/2005,25.94
30/09/2005,25.73
03/10/2005,25.5
04/10/2005,24.98
05/10/2005,24.67
06/10/2005,24.73
07/10/2005,24.59
10/10/2005,24.46
11/10/2005,24.41
12/10/2005,24.3
13/10/2005,24.59
14/10/2005,24.67
17/10/2005,24.53
18/10/2005,24.57
19/10/2005,25.09
20/10/2005,24.79
21/10/2005,24.78
24/10/2005,25.1
25/10/2005,25.03
26/10/2005,25.11
27/10/2005,24.85
28/10/2005,25.53
31/10/2005,25.7
01/11/2005,25.96
02/11/2005,26.46
03/11/2005,26.44
04/11/2005,26.66
07/11/2005,27.01
08/11/2005,27.05
09/11/2005,26.96
10/11/2005,27.09
11/11/2005,27.28
14/11/2005,27.35
15/11/2005,27.5
16/11/2005,27.74
17/11/2005,27.97
18/11/2005,28.07
21/11/2005,28.16
22/11/2005,27.91
23/11/2005,27.92
25/11/2005,27.76
28/11/2005,27.75
29/11/2005,27.68
30/11/2005,27.68
01/12/2005,27.89
02/12/2005,28.01
05/12/2005,27.85
06/12/2005,27.69
07/12/2005,27.75
08/12/2005,27.69
09/12/2005,27.71
12/12/2005,27.45
13/12/2005,27.13
14/12/2005,27.09
15/12/2005,26.92
16/12/2005,26.9
19/12/2005,26.83
20/12/2005,26.86
21/12/2005,26.73
22/12/2005,26.59
23/12/2005,26.64
27/12/2005,26.46
28/12/2005,26.39
29/12/2005,26.27
30/12/2005,26.15
03/01/2006,26.84
04/01/2006,26.97
05/01/2006,26.99
06/01/2006,26.91
09/01/2006,26.86
10/01/2006,27
11/01/2006,27.29
12/01/2006,27.14
13/01/2006,27.19
17/01/2006,26.99
18/01/2006,26.83
19/01/2006,27.02
20/01/2006,26.41
23/01/2006,26.35
24/01/2006,26.28
25/01/2006,26.4
26/01/2006,26.5
27/01/2006,27.79
30/01/2006,28
31/01/2006,28.15
01/02/2006,28.04
02/02/2006,27.68
03/02/2006,27.54
06/02/2006,27.17
07/02/2006,26.94
08/02/2006,26.91
09/02/2006,26.66
10/02/2006,26.69
13/02/2006,26.39
14/02/2006,26.65
15/02/2006,26.88
16/02/2006,26.81
17/02/2006,26.7
21/02/2006,26.54
22/02/2006,26.72
23/02/2006,26.66
24/02/2006,26.63
27/02/2006,27.05
28/02/2006,26.87
01/03/2006,27.14
02/03/2006,26.97
03/03/2006,26.93
06/03/2006,26.91
07/03/2006,27.06
08/03/2006,27.25
09/03/2006,27
10/03/2006,27.17
13/03/2006,27.11
14/03/2006,27.23
15/03/2006,27.36
16/03/2006,27.27
17/03/2006,27.5
20/03/2006,27.89
21/03/2006,27.74
22/03/2006,27.15
23/03/2006,26.85
24/03/2006,27.01
27/03/2006,27.01
28/03/2006,26.9
29/03/2006,27.02
30/03/2006,27.23
31/03/2006,27.21
03/04/2006,27.56
04/04/2006,27.64
05/04/2006,27.74
06/04/2006,27.56
07/04/2006,27.25
10/04/2006,27.29
11/04/2006,27.13
12/04/2006,27.2
13/04/2006,27.07
17/04/2006,26.84
18/04/2006,27.22
19/04/2006,27.03
20/04/2006,27.03
21/04/2006,27.15
24/04/2006,27.11
25/04/2006,27.11
26/04/2006,27.1
27/04/2006,27.25
28/04/2006,24.15
01/05/2006,24.29
02/05/2006,24.01
03/05/2006,23.17
04/05/2006,23.44
05/05/2006,23.8
08/05/2006,23.73
09/05/2006,23.62
10/05/2006,23.77
11/05/2006,23.22
12/05/2006,23.17
15/05/2006,23.15
16/05/2006,23.01
17/05/2006,22.73
18/05/2006,22.83
19/05/2006,22.56
22/05/2006,22.88
23/05/2006,22.79
24/05/2006,23.5
25/05/2006,23.74
26/05/2006,23.72
30/05/2006,23.15
31/05/2006,22.65
01/06/2006,22.82
02/06/2006,22.76
05/06/2006,22.5
06/06/2006,22.13
07/06/2006,22.04
08/06/2006,22.11
09/06/2006,21.92
12/06/2006,21.71
13/06/2006,21.51
14/06/2006,21.88
15/06/2006,22.07
16/06/2006,22.1
19/06/2006,22.55
20/06/2006,22.56
21/06/2006,23.08
22/06/2006,22.88
23/06/2006,22.5
26/06/2006,22.82
27/06/2006,22.86
28/06/2006,23.16
29/06/2006,23.47
30/06/2006,23.3
03/07/2006,23.7
05/07/2006,23.35
06/07/2006,23.48
07/07/2006,23.3
10/07/2006,23.5
11/07/2006,23.1
12/07/2006,22.64
13/07/2006,22.26
14/07/2006,22.29
17/07/2006,22.48
18/07/2006,22.74
19/07/2006,23.4
20/07/2006,22.85
21/07/2006,23.87
24/07/2006,24
25/07/2006,24.22
26/07/2006,24.37
27/07/2006,23.87
28/07/2006,24.25
31/07/2006,24.06
01/08/2006,23.99
02/08/2006,24.3
03/08/2006,24.21
04/08/2006,24.29
07/08/2006,24.22
08/08/2006,24.34
09/08/2006,24.44
10/08/2006,24.46
11/08/2006,24.43
14/08/2006,24.53
15/08/2006,24.62
16/08/2006,24.7
17/08/2006,24.7
18/08/2006,25.79
21/08/2006,26.12
22/08/2006,25.62
23/08/2006,25.67
24/08/2006,25.74
25/08/2006,25.85
28/08/2006,25.95
29/08/2006,25.84
30/08/2006,25.8
31/08/2006,25.7
01/09/2006,25.84
05/09/2006,25.61
06/09/2006,25.61
07/09/2006,25.43
08/09/2006,25.6
11/09/2006,25.91
12/09/2006,25.93
13/09/2006,25.98
14/09/2006,26.33
15/09/2006,26.85
18/09/2006,26.79
19/09/2006,26.86
20/09/2006,27.18
21/09/2006,26.9
22/09/2006,26.66
25/09/2006,26.95
26/09/2006,27.2
27/09/2006,27.44
28/09/2006,27.4
29/09/2006,27.35
02/10/2006,27.36
03/10/2006,27.37
04/10/2006,27.94
05/10/2006,27.92
06/10/2006,27.87
09/10/2006,27.72
10/10/2006,27.69
11/10/2006,27.54
12/10/2006,28.22
13/10/2006,28.37
16/10/2006,28.45
17/10/2006,28.44
18/10/2006,28.52
19/10/2006,28.29
20/10/2006,28.43
23/10/2006,28.45
24/10/2006,28.28
25/10/2006,28.31
26/10/2006,28.35
27/10/2006,28.34
30/10/2006,28.53
31/10/2006,28.71
01/11/2006,28.81
02/11/2006,28.77
03/11/2006,28.73
06/11/2006,28.84
07/11/2006,28.95
08/11/2006,28.98
09/11/2006,29.26
10/11/2006,29.24
13/11/2006,29.35
14/11/2006,29.23
15/11/2006,29.12
16/11/2006,29.47
17/11/2006,29.4
20/11/2006,29.89
21/11/2006,29.92
22/11/2006,29.92
24/11/2006,29.76
27/11/2006,29.48
28/11/2006,29.39
29/11/2006,29.57
30/11/2006,29.36
01/12/2006,29.12
04/12/2006,29.33
05/12/2006,29.13
06/12/2006,28.99
07/12/2006,28.85
08/12/2006,29.4
11/12/2006,29.54
12/12/2006,29.43
13/12/2006,29.55
14/12/2006,30.07
15/12/2006,30.19
18/12/2006,29.89
19/12/2006,29.99
20/12/2006,30.09
21/12/2006,29.98
22/12/2006,29.64
26/12/2006,29.99
27/12/2006,30.02
28/12/2006,29.98
29/12/2006,29.86
03/01/2007,29.86
04/01/2007,29.81
05/01/2007,29.64
08/01/2007,29.93
09/01/2007,29.96
10/01/2007,29.66
11/01/2007,30.7
12/01/2007,31.21
16/01/2007,31.16
17/01/2007,31.1
18/01/2007,31
19/01/2007,31.11
22/01/2007,30.72
23/01/2007,30.74
24/01/2007,31.09
25/01/2007,30.45
26/01/2007,30.6
29/01/2007,30.53
30/01/2007,30.48
31/01/2007,30.86
01/02/2007,30.56
02/02/2007,30.19
05/02/2007,29.61
06/02/2007,29.51
07/02/2007,29.37
08/02/2007,29.26
09/02/2007,28.98
12/02/2007,28.94
13/02/2007,29.01
14/02/2007,29.4
15/02/2007,29.46
16/02/2007,28.74
20/02/2007,28.83
21/02/2007,29.35
22/02/2007,29.39
23/02/2007,28.9
26/02/2007,29.07
27/02/2007,27.87
28/02/2007,28.17
01/03/2007,28.09
02/03/2007,27.76
05/03/2007,27.55
06/03/2007,27.83
07/03/2007,27.61
08/03/2007,27.32
09/03/2007,27.29
12/03/2007,27.44
13/03/2007,26.72
14/03/2007,27.4
15/03/2007,27.28
16/03/2007,27.33
19/03/2007,27.83
20/03/2007,27.84
21/03/2007,28.52
22/03/2007,28.27
23/03/2007,28.02
26/03/2007,28.22
27/03/2007,27.72
28/03/2007,27.64
29/03/2007,27.75
30/03/2007,27.87
02/04/2007,27.74
03/04/2007,27.87
04/04/2007,28.5
05/04/2007,28.55
09/04/2007,28.57
10/04/2007,28.4
11/04/2007,28.11
12/04/2007,28.54
13/04/2007,28.61
16/04/2007,28.73
17/04/2007,28.85
18/04/2007,28.6
19/04/2007,28.69
20/04/2007,29.02
23/04/2007,28.78
24/04/2007,28.79
25/04/2007,28.99
26/04/2007,29.1
27/04/2007,30.12
30/04/2007,29.94
01/05/2007,30.4
02/05/2007,30.61
03/05/2007,30.97
04/05/2007,30.56
07/05/2007,30.71
08/05/2007,30.75
09/05/2007,30.78
10/05/2007,30.58
11/05/2007,30.89
14/05/2007,30.97
15/05/2007,30.9
16/05/2007,31.07
17/05/2007,30.98
18/05/2007,30.83
21/05/2007,31.05
22/05/2007,30.69
23/05/2007,30.58
24/05/2007,30.17
25/05/2007,30.48
29/05/2007,30.79
30/05/2007,31.11
31/05/2007,30.69
01/06/2007,30.59
04/06/2007,30.72
05/06/2007,30.58
06/06/2007,30.29
07/06/2007,29.62
08/06/2007,30.05
11/06/2007,30.02
12/06/2007,29.85
13/06/2007,30.39
14/06/2007,30.52
15/06/2007,30.49
18/06/2007,30.51
19/06/2007,30.46
20/06/2007,30.01
21/06/2007,30.22
22/06/2007,29.49
25/06/2007,29.49
26/06/2007,29.52
27/06/2007,29.87
28/06/2007,29.83
29/06/2007,29.47
02/07/2007,29.74
03/07/2007,30.02
05/07/2007,29.99
06/07/2007,29.97
09/07/2007,29.87
10/07/2007,29.33
11/07/2007,29.49
12/07/2007,30.07
13/07/2007,29.82
16/07/2007,30.03
17/07/2007,30.78
18/07/2007,30.92
19/07/2007,31.51
20/07/2007,31.16
23/07/2007,31.19
24/07/2007,30.8
25/07/2007,30.71
26/07/2007,29.98
27/07/2007,29.39
30/07/2007,29.4
31/07/2007,28.99
01/08/2007,29.3
02/08/2007,29.52
03/08/2007,28.96
06/08/2007,29.54
07/08/2007,29.55
08/08/2007,30
09/08/2007,29.3
10/08/2007,28.71
13/08/2007,28.63
14/08/2007,28.27
15/08/2007,28.1
16/08/2007,27.81
17/08/2007,28.25
20/08/2007,28.26
21/08/2007,28.07
22/08/2007,28.22
23/08/2007,28.3
24/08/2007,28.81
27/08/2007,28.49
28/08/2007,27.93
29/08/2007,28.59
30/08/2007,28.45
31/08/2007,28.73
04/09/2007,28.81
05/09/2007,28.48
06/09/2007,28.91
07/09/2007,28.44
10/09/2007,28.48
11/09/2007,28.93
12/09/2007,28.93
13/09/2007,29.16
14/09/2007,29.04
17/09/2007,28.73
18/09/2007,28.93
19/09/2007,28.67
20/09/2007,28.42
21/09/2007,28.65
24/09/2007,29.08
25/09/2007,29.56
26/09/2007,29.5
27/09/2007,29.49
28/09/2007,29.46
01/10/2007,29.77
02/10/2007,29.7
03/10/2007,29.45
04/10/2007,29.71
05/10/2007,29.84
08/10/2007,29.84
09/10/2007,30.1
10/10/2007,30.23
11/10/2007,29.91
12/10/2007,30.17
15/10/2007,30.04
16/10/2007,30.32
17/10/2007,31.08
18/10/2007,31.16
19/10/2007,30.17
22/10/2007,30.51
23/10/2007,30.9
24/10/2007,31.25
25/10/2007,31.99
26/10/2007,35.03
29/10/2007,34.57
30/10/2007,35.57
31/10/2007,36.81
01/11/2007,37.06
02/11/2007,37.06
05/11/2007,36.73
06/11/2007,36.41
07/11/2007,35.52
08/11/2007,34.74
09/11/2007,33.73
12/11/2007,33.38
13/11/2007,34.46
14/11/2007,33.93
15/11/2007,33.76
16/11/2007,34.09
19/11/2007,33.96
20/11/2007,34.58
21/11/2007,34.23
23/11/2007,34.11
26/11/2007,32.97
27/11/2007,33.06
28/11/2007,33.7
29/11/2007,33.59
30/11/2007,33.6
03/12/2007,32.92
04/12/2007,32.77
05/12/2007,34.15
06/12/2007,34.55
07/12/2007,34.53
10/12/2007,34.76
11/12/2007,34.1
12/12/2007,34.47
13/12/2007,35.22
14/12/2007,35.31
17/12/2007,34.39
18/12/2007,34.74
19/12/2007,34.79
20/12/2007,35.52
21/12/2007,36.06
24/12/2007,36.58
26/12/2007,36.61
27/12/2007,35.97
28/12/2007,36.12
31/12/2007,35.6
02/01/2008,35.22
03/01/2008,35.37
04/01/2008,34.38
07/01/2008,34.61
08/01/2008,33.45
09/01/2008,34.44
10/01/2008,34.33
11/01/2008,33.91
14/01/2008,34.39
15/01/2008,34
16/01/2008,33.23
17/01/2008,33.11
18/01/2008,33.01
22/01/2008,31.99
23/01/2008,31.93
24/01/2008,33.25
25/01/2008,32.94
28/01/2008,32.72
29/01/2008,32.6
30/01/2008,32.2
31/01/2008,32.6
01/02/2008,30.45
04/02/2008,30.19
05/02/2008,29.07
06/02/2008,28.52
07/02/2008,28.12
08/02/2008,28.56
11/02/2008,28.21
12/02/2008,28.34
13/02/2008,28.96
14/02/2008,28.5
15/02/2008,28.42
19/02/2008,28.17
20/02/2008,28.22
21/02/2008,28.1
22/02/2008,27.68
25/02/2008,27.84
26/02/2008,28.38
27/02/2008,28.26
28/02/2008,27.93
29/02/2008,27.2
03/03/2008,26.99
04/03/2008,27.59
05/03/2008,28.12
06/03/2008,27.57
07/03/2008,27.87
10/03/2008,28.05
11/03/2008,29.28
12/03/2008,28.63
13/03/2008,28.62
14/03/2008,27.96
17/03/2008,28.3
18/03/2008,29.42
19/03/2008,28.62
20/03/2008,29.18
24/03/2008,29.17
25/03/2008,29.14
26/03/2008,28.56
27/03/2008,28.05
28/03/2008,27.91
31/03/2008,28.38
01/04/2008,29.5
02/04/2008,29.16
03/04/2008,29
04/04/2008,29.16
07/04/2008,29.16
08/04/2008,28.75
09/04/2008,28.89
10/04/2008,29.11
11/04/2008,28.28
14/04/2008,28.06
15/04/2008,28.25
16/04/2008,28.95
17/04/2008,29.22
18/04/2008,30
21/04/2008,30.42
22/04/2008,30.25
23/04/2008,31.45
24/04/2008,31.8
25/04/2008,29.83
28/04/2008,28.99
29/04/2008,28.64
30/04/2008,28.52
01/05/2008,29.4
02/05/2008,29.24
05/05/2008,29.08
06/05/2008,29.7
07/05/2008,29.21
08/05/2008,29.27
09/05/2008,29.39
12/05/2008,29.99
13/05/2008,29.78
14/05/2008,29.93
15/05/2008,30.45
16/05/2008,29.99
19/05/2008,29.46
20/05/2008,28.76
21/05/2008,28.25
22/05/2008,28.47
23/05/2008,28.05
27/05/2008,28.44
28/05/2008,28.18
29/05/2008,28.31
30/05/2008,28.32
02/06/2008,27.8
03/06/2008,27.31
04/06/2008,27.54
05/06/2008,28.3
06/06/2008,27.49
09/06/2008,27.71
10/06/2008,27.89
11/06/2008,27.12
12/06/2008,28.24
13/06/2008,29.07
16/06/2008,28.93
17/06/2008,28.8
18/06/2008,28.46
19/06/2008,28.93
20/06/2008,28.23
23/06/2008,27.97
24/06/2008,27.73
25/06/2008,28.35
26/06/2008,27.75
27/06/2008,27.63
30/06/2008,27.51
01/07/2008,26.87
02/07/2008,25.88
03/07/2008,25.98
07/07/2008,26.03
08/07/2008,25.85
09/07/2008,25.23
10/07/2008,25.45
11/07/2008,25.25
14/07/2008,25.15
15/07/2008,26.15
16/07/2008,27.26
17/07/2008,27.52
18/07/2008,25.86
21/07/2008,25.64
22/07/2008,25.8
23/07/2008,26.43
24/07/2008,25.44
25/07/2008,26.16
28/07/2008,25.5
29/07/2008,26.11
30/07/2008,26.23
31/07/2008,25.72
01/08/2008,25.44
04/08/2008,25.28
05/08/2008,26.21
06/08/2008,27.02
07/08/2008,27.39
08/08/2008,28.13
11/08/2008,27.9
12/08/2008,28.12
13/08/2008,27.91
14/08/2008,27.91
15/08/2008,27.81
18/08/2008,27.69
19/08/2008,27.32
20/08/2008,27.29
21/08/2008,27.18
22/08/2008,27.84
25/08/2008,27.66
26/08/2008,27.27
27/08/2008,27.56
28/08/2008,27.94
29/08/2008,27.29
02/09/2008,27.1
03/09/2008,26.9
04/09/2008,26.35
05/09/2008,25.65
08/09/2008,26.12
09/09/2008,26.1
10/09/2008,26.44
11/09/2008,27.34
12/09/2008,27.62
15/09/2008,26.82
16/09/2008,25.99
17/09/2008,24.57
18/09/2008,25.26
19/09/2008,25.16
22/09/2008,25.4
23/09/2008,25.44
24/09/2008,25.72
25/09/2008,26.61
26/09/2008,27.4
29/09/2008,25.01
30/09/2008,26.69
01/10/2008,26.48
02/10/2008,26.25
03/10/2008,26.32
06/10/2008,24.91
07/10/2008,23.23
08/10/2008,23.01
09/10/2008,22.3
10/10/2008,21.5
13/10/2008,25.5
14/10/2008,24.1
15/10/2008,22.66
16/10/2008,24.19
17/10/2008,23.93
20/10/2008,24.72
21/10/2008,23.36
22/10/2008,21.53
23/10/2008,22.32
24/10/2008,21.96
27/10/2008,21.18
28/10/2008,23.1
29/10/2008,23
30/10/2008,22.63
31/10/2008,22.33
03/11/2008,22.62
04/11/2008,23.53
05/11/2008,22.08
06/11/2008,20.88
07/11/2008,21.5
10/11/2008,21.3
11/11/2008,21.2
12/11/2008,20.3
13/11/2008,21.25
14/11/2008,20.06
17/11/2008,19.32
18/11/2008,19.62
19/11/2008,18.29
20/11/2008,17.53
21/11/2008,19.68
24/11/2008,20.69
25/11/2008,19.99
26/11/2008,20.49
28/11/2008,20.22
01/12/2008,18.61
02/12/2008,19.15
03/12/2008,19.87
04/12/2008,19.11
05/12/2008,19.87
08/12/2008,21.01
09/12/2008,20.6
10/12/2008,20.61
11/12/2008,19.45
12/12/2008,19.36
15/12/2008,19.04
16/12/2008,20.11
17/12/2008,19.66
18/12/2008,19.3
19/12/2008,19.12
22/12/2008,19.18
23/12/2008,19.28
24/12/2008,19.17
26/12/2008,19.13
29/12/2008,18.96
30/12/2008,19.34
31/12/2008,19.44
02/01/2009,20.33
05/01/2009,20.52
06/01/2009,20.76
07/01/2009,19.51
08/01/2009,20.12
09/01/2009,19.52
12/01/2009,19.47
13/01/2009,19.82
14/01/2009,19.09
15/01/2009,19.24
16/01/2009,19.71
20/01/2009,18.48
21/01/2009,19.38
22/01/2009,17.11
23/01/2009,17.2
26/01/2009,17.63
27/01/2009,17.66
28/01/2009,18.04
29/01/2009,17.59
30/01/2009,17.1
02/02/2009,17.83
03/02/2009,18.5
04/02/2009,18.63
05/02/2009,19.04
06/02/2009,19.66
09/02/2009,19.44
10/02/2009,18.8
11/02/2009,19.21
12/02/2009,19.26
13/02/2009,19.09
17/02/2009,18.09
18/02/2009,18.12
19/02/2009,17.91
20/02/2009,18
23/02/2009,17.21
24/02/2009,17.17
25/02/2009,16.96
26/02/2009,16.42
27/02/2009,16.15
02/03/2009,15.79
03/03/2009,15.88
04/03/2009,16.12
05/03/2009,15.27
06/03/2009,15.28
09/03/2009,15.15
10/03/2009,16.48
11/03/2009,17.11
12/03/2009,17.01
13/03/2009,16.65
16/03/2009,16.25
17/03/2009,16.9
18/03/2009,16.96
19/03/2009,17.14
20/03/2009,17.06
23/03/2009,18.33
24/03/2009,17.93
25/03/2009,17.88
26/03/2009,18.83
27/03/2009,18.13
30/03/2009,17.48
31/03/2009,18.37
01/04/2009,19.31
02/04/2009,19.29
03/04/2009,18.75
06/04/2009,18.76
07/04/2009,18.76
08/04/2009,19.19
09/04/2009,19.67
13/04/2009,19.59
14/04/2009,19.35
15/04/2009,18.83
16/04/2009,19.76
17/04/2009,19.2
20/04/2009,18.61
21/04/2009,18.97
22/04/2009,18.78
23/04/2009,18.92
24/04/2009,20.91
27/04/2009,20.4
28/04/2009,19.93
29/04/2009,20.25
30/04/2009,20.26
01/05/2009,20.24
04/05/2009,20.19
05/05/2009,19.79
06/05/2009,19.79
07/05/2009,19.32
08/05/2009,19.42
11/05/2009,19.32
12/05/2009,19.89
13/05/2009,19.75
14/05/2009,20.06
15/05/2009,20.22
18/05/2009,20.6
19/05/2009,20.31
20/05/2009,20.38
21/05/2009,19.82
22/05/2009,19.75
26/05/2009,20.34
27/05/2009,20.13
28/05/2009,20.45
29/05/2009,20.89
01/06/2009,21.4
02/06/2009,21.4
03/06/2009,21.73
04/06/2009,21.83
05/06/2009,22.14
08/06/2009,22.05
09/06/2009,22.08
10/06/2009,22.55
11/06/2009,22.83
12/06/2009,23.33
15/06/2009,23.42
16/06/2009,23.45
17/06/2009,23.68
18/06/2009,23.5
19/06/2009,24.07
22/06/2009,23.28
23/06/2009,23.34
24/06/2009,23.47
25/06/2009,23.79
26/06/2009,23.35
29/06/2009,23.86
30/06/2009,23.77
01/07/2009,24.04
02/07/2009,23.37
06/07/2009,23.2
07/07/2009,22.53
08/07/2009,22.56
09/07/2009,22.44
10/07/2009,22.39
13/07/2009,23.23
14/07/2009,23.11
15/07/2009,24.12
16/07/2009,24.44
17/07/2009,24.29
20/07/2009,24.53
21/07/2009,24.83
22/07/2009,24.8
23/07/2009,25.56
24/07/2009,23.45
27/07/2009,23.11
28/07/2009,23.47
29/07/2009,23.8
30/07/2009,23.81
31/07/2009,23.52
03/08/2009,23.83
04/08/2009,23.77
05/08/2009,23.81
06/08/2009,23.46
07/08/2009,23.56
10/08/2009,23.42
11/08/2009,23.13
12/08/2009,23.53
13/08/2009,23.62
14/08/2009,23.69
17/08/2009,23.25
18/08/2009,23.58
19/08/2009,23.65
20/08/2009,23.67
21/08/2009,24.41
24/08/2009,24.64
25/08/2009,24.64
26/08/2009,24.55
27/08/2009,24.69
28/08/2009,24.68
31/08/2009,24.65
01/09/2009,24
02/09/2009,23.86
03/09/2009,24.11
04/09/2009,24.62
08/09/2009,24.82
09/09/2009,24.78
10/09/2009,25
11/09/2009,24.86
14/09/2009,25
15/09/2009,25.2
16/09/2009,25.2
17/09/2009,25.3
18/09/2009,25.26
21/09/2009,25.3
22/09/2009,25.77
23/09/2009,25.71
24/09/2009,25.94
25/09/2009,25.55
28/09/2009,25.83
29/09/2009,25.75
30/09/2009,25.72
01/10/2009,24.88
02/10/2009,24.96
05/10/2009,24.64
06/10/2009,25.11
07/10/2009,25.1
08/10/2009,25.67
09/10/2009,25.55
12/10/2009,25.72
13/10/2009,25.81
14/10/2009,25.96
15/10/2009,26.71
16/10/2009,26.5
19/10/2009,26.36
20/10/2009,26.37
21/10/2009,26.58
22/10/2009,26.59
23/10/2009,28.02
26/10/2009,28.68
27/10/2009,28.59
28/10/2009,28.02
29/10/2009,28.22
30/10/2009,27.73
02/11/2009,27.88
03/11/2009,27.53
04/11/2009,28.06
05/11/2009,28.47
06/11/2009,28.52
09/11/2009,28.99
10/11/2009,29.01
11/11/2009,29.12
12/11/2009,29.36
13/11/2009,29.63
16/11/2009,29.54
17/11/2009,30
18/11/2009,30.11
19/11/2009,29.78
20/11/2009,29.62
23/11/2009,29.94
24/11/2009,29.91
25/11/2009,29.79
27/11/2009,29.22
30/11/2009,29.41
01/12/2009,30.01
02/12/2009,29.78
03/12/2009,29.83
04/12/2009,29.98
07/12/2009,29.79
08/12/2009,29.57
09/12/2009,29.71
10/12/2009,29.87
11/12/2009,29.85
14/12/2009,30.11
15/12/2009,30.02
16/12/2009,30.1
17/12/2009,29.6
18/12/2009,30.36
21/12/2009,30.52
22/12/2009,30.82
23/12/2009,30.92
24/12/2009,31
28/12/2009,31.17
29/12/2009,31.39
30/12/2009,30.96
31/12/2009,30.48
04/01/2010,30.95
05/01/2010,30.96
06/01/2010,30.77
07/01/2010,30.45
08/01/2010,30.66
11/01/2010,30.27
12/01/2010,30.07
13/01/2010,30.35
14/01/2010,30.96
15/01/2010,30.86
19/01/2010,31.1
20/01/2010,30.59
21/01/2010,30.01
22/01/2010,28.96
25/01/2010,29.32
26/01/2010,29.5
27/01/2010,29.67
28/01/2010,29.16
29/01/2010,28.18
01/02/2010,28.41
02/02/2010,28.46
03/02/2010,28.63
04/02/2010,27.84
05/02/2010,28.02
08/02/2010,27.72
09/02/2010,28.01
10/02/2010,27.99
11/02/2010,28.12
12/02/2010,27.93
16/02/2010,28.35
17/02/2010,28.59
18/02/2010,28.97
19/02/2010,28.77
22/02/2010,28.73
23/02/2010,28.33
24/02/2010,28.63
25/02/2010,28.6
26/02/2010,28.67
01/03/2010,29.02
02/03/2010,28.46
03/03/2010,28.46
04/03/2010,28.63
05/03/2010,28.59
08/03/2010,28.63
09/03/2010,28.8
10/03/2010,28.97
11/03/2010,29.18
12/03/2010,29.27
15/03/2010,29.29
16/03/2010,29.37
17/03/2010,29.63
18/03/2010,29.61
19/03/2010,29.59
22/03/2010,29.6
23/03/2010,29.88
24/03/2010,29.65
25/03/2010,30.01
26/03/2010,29.66
29/03/2010,29.59
30/03/2010,29.77
31/03/2010,29.29
01/04/2010,29.16
05/04/2010,29.27
06/04/2010,29.32
07/04/2010,29.35
08/04/2010,29.92
09/04/2010,30.34
12/04/2010,30.32
13/04/2010,30.45
14/04/2010,30.82
15/04/2010,30.87
16/04/2010,30.67
19/04/2010,31.04
20/04/2010,31.36
21/04/2010,31.33
22/04/2010,31.39
23/04/2010,30.96
26/04/2010,31.11
27/04/2010,30.85
28/04/2010,30.91
29/04/2010,31
30/04/2010,30.54
03/05/2010,30.86
04/05/2010,30.13
05/05/2010,29.85
06/05/2010,28.98
07/05/2010,28.21
10/05/2010,28.94
11/05/2010,28.88
12/05/2010,29.44
13/05/2010,29.24
14/05/2010,28.93
17/05/2010,28.94
18/05/2010,28.6
19/05/2010,28.24
20/05/2010,27.11
21/05/2010,26.84
24/05/2010,26.27
25/05/2010,26.07
26/05/2010,25.01
27/05/2010,26
28/05/2010,25.8
01/06/2010,25.89
02/06/2010,26.46
03/06/2010,26.86
04/06/2010,25.79
07/06/2010,25.29
08/06/2010,25.11
09/06/2010,24.79
10/06/2010,25
11/06/2010,25.66
14/06/2010,25.5
15/06/2010,26.58
16/06/2010,26.32
17/06/2010,26.37
18/06/2010,26.44
21/06/2010,25.95
22/06/2010,25.77
23/06/2010,25.31
24/06/2010,25
25/06/2010,24.53
28/06/2010,24.31
29/06/2010,23.31
30/06/2010,23.01
01/07/2010,23.16
02/07/2010,23.27
06/07/2010,23.82
07/07/2010,24.3
08/07/2010,24.41
09/07/2010,24.27
12/07/2010,24.83
13/07/2010,25.13
14/07/2010,25.44
15/07/2010,25.51
16/07/2010,24.89
19/07/2010,25.23
20/07/2010,25.48
21/07/2010,25.12
22/07/2010,25.84
23/07/2010,25.81
26/07/2010,26.1
27/07/2010,26.16
28/07/2010,25.95
29/07/2010,26.03
30/07/2010,25.81
02/08/2010,26.33
03/08/2010,26.16
04/08/2010,25.73
05/08/2010,25.37
06/08/2010,25.55
09/08/2010,25.61
10/08/2010,25.07
11/08/2010,24.86
12/08/2010,24.49
13/08/2010,24.4
16/08/2010,24.5
17/08/2010,24.71
18/08/2010,24.82
19/08/2010,24.44
20/08/2010,24.23
23/08/2010,24.28
24/08/2010,24.04
25/08/2010,24.1
26/08/2010,23.82
27/08/2010,23.93
30/08/2010,23.64
31/08/2010,23.47
01/09/2010,23.9
02/09/2010,23.94
03/09/2010,24.29
07/09/2010,23.96
08/09/2010,23.93
09/09/2010,24.01
10/09/2010,23.85
13/09/2010,25.11
14/09/2010,25.03
15/09/2010,25.12
16/09/2010,25.33
17/09/2010,25.22
20/09/2010,25.43
21/09/2010,25.15
22/09/2010,24.61
23/09/2010,24.43
24/09/2010,24.78
27/09/2010,24.73
28/09/2010,24.68
29/09/2010,24.5
30/09/2010,24.49
01/10/2010,24.38
04/10/2010,23.91
05/10/2010,24.35
06/10/2010,24.43
07/10/2010,24.53
08/10/2010,24.57
11/10/2010,24.59
12/10/2010,24.83
13/10/2010,25.34
14/10/2010,25.23
15/10/2010,25.54
18/10/2010,25.82
19/10/2010,25.1
20/10/2010,25.31
21/10/2010,25.42
22/10/2010,25.38
25/10/2010,25.19
26/10/2010,25.9
27/10/2010,26.05
28/10/2010,26.28
29/10/2010,26.67
01/11/2010,26.95
02/11/2010,27.39
03/11/2010,27.03
04/11/2010,27.14
05/11/2010,26.85
08/11/2010,26.81
09/11/2010,26.95
10/11/2010,26.94
11/11/2010,26.68
12/11/2010,26.27
15/11/2010,26.2
16/11/2010,25.81
17/11/2010,25.57
18/11/2010,25.84
19/11/2010,25.69
22/11/2010,25.73
23/11/2010,25.12
24/11/2010,25.37
26/11/2010,25.33
29/11/2010,25.31
30/11/2010,25.26
01/12/2010,26.04
02/12/2010,26.89
03/12/2010,27.02
06/12/2010,26.84
07/12/2010,26.87
08/12/2010,27.23
09/12/2010,27.08
10/12/2010,27.34
13/12/2010,27.25
14/12/2010,27.62
15/12/2010,27.85
16/12/2010,27.99
17/12/2010,27.9
20/12/2010,27.81
21/12/2010,28.07
22/12/2010,28.19
23/12/2010,28.3
27/12/2010,28.07
28/12/2010,28.01
29/12/2010,27.97
30/12/2010,27.85
31/12/2010,27.91
03/01/2011,27.98
04/01/2011,28.09
05/01/2011,28
06/01/2011,28.82
07/01/2011,28.6
10/01/2011,28.22
11/01/2011,28.11
12/01/2011,28.55
13/01/2011,28.19
14/01/2011,28.3
18/01/2011,28.66
19/01/2011,28.47
20/01/2011,28.35
21/01/2011,28.02
24/01/2011,28.38
25/01/2011,28.45
26/01/2011,28.78
27/01/2011,28.87
28/01/2011,27.75
31/01/2011,27.73
01/02/2011,27.99
02/02/2011,27.94
03/02/2011,27.65
04/02/2011,27.77
07/02/2011,28.2
08/02/2011,28.28
09/02/2011,27.97
10/02/2011,27.5
11/02/2011,27.25
14/02/2011,27.23
15/02/2011,26.96
16/02/2011,27.02
17/02/2011,27.21
18/02/2011,27.06
22/02/2011,26.59
23/02/2011,26.59
24/02/2011,26.77
25/02/2011,26.55
28/02/2011,26.58
01/03/2011,26.16
02/03/2011,26.08
03/03/2011,26.2
04/03/2011,25.95
07/03/2011,25.72
08/03/2011,25.91
09/03/2011,25.89
10/03/2011,25.41
11/03/2011,25.68
14/03/2011,25.69
15/03/2011,25.39
16/03/2011,24.79
17/03/2011,24.78
18/03/2011,24.8
21/03/2011,25.33
22/03/2011,25.3
23/03/2011,25.54
24/03/2011,25.81
25/03/2011,25.62
28/03/2011,25.41
29/03/2011,25.49
30/03/2011,25.61
31/03/2011,25.39
01/04/2011,25.48
04/04/2011,25.55
05/04/2011,25.78
06/04/2011,26.15
07/04/2011,26.2
08/04/2011,26.07
11/04/2011,25.98
12/04/2011,25.64
13/04/2011,25.63
14/04/2011,25.42
15/04/2011,25.37
18/04/2011,25.08
19/04/2011,25.15
20/04/2011,25.76
21/04/2011,25.52
25/04/2011,25.61
26/04/2011,26.19
27/04/2011,26.38
28/04/2011,26.71
29/04/2011,25.92
02/05/2011,25.66
03/05/2011,25.81
04/05/2011,26.06
05/05/2011,25.79
06/05/2011,25.87
09/05/2011,25.83
10/05/2011,25.67
11/05/2011,25.36
12/05/2011,25.32
13/05/2011,25.03
16/05/2011,24.57
17/05/2011,24.52
18/05/2011,24.69
19/05/2011,24.72
20/05/2011,24.49
23/05/2011,24.17
24/05/2011,24.15
25/05/2011,24.19
26/05/2011,24.67
27/05/2011,24.76
31/05/2011,25.01
01/06/2011,24.43
02/06/2011,24.22
03/06/2011,23.91
06/06/2011,24.01
07/06/2011,24.06
08/06/2011,23.94
09/06/2011,23.96
10/06/2011,23.71
13/06/2011,24.04
14/06/2011,24.22
15/06/2011,23.74
16/06/2011,24
17/06/2011,24.26
20/06/2011,24.47
21/06/2011,24.76
22/06/2011,24.65
23/06/2011,24.63
24/06/2011,24.3
27/06/2011,25.2
28/06/2011,25.8
29/06/2011,25.62
30/06/2011,26
01/07/2011,26.02
05/07/2011,26.03
06/07/2011,26.33
07/07/2011,26.77
08/07/2011,26.92
11/07/2011,26.63
12/07/2011,26.54
13/07/2011,26.63
14/07/2011,26.47
15/07/2011,26.78
18/07/2011,26.59
19/07/2011,27.54
20/07/2011,27.06
21/07/2011,27.1
22/07/2011,27.53
25/07/2011,27.91
26/07/2011,28.08
27/07/2011,27.33
28/07/2011,27.72
29/07/2011,27.4
01/08/2011,27.27
02/08/2011,26.8
03/08/2011,26.92
04/08/2011,25.94
05/08/2011,25.68
08/08/2011,24.48
09/08/2011,25.58
10/08/2011,24.2
11/08/2011,25.19
12/08/2011,25.1
15/08/2011,25.51
16/08/2011,25.35
17/08/2011,25.25
18/08/2011,24.67
19/08/2011,24.05
22/08/2011,23.98
23/08/2011,24.72
24/08/2011,24.9
25/08/2011,24.57
26/08/2011,25.25
29/08/2011,25.84
30/08/2011,26.23
31/08/2011,26.6
01/09/2011,26.21
02/09/2011,25.8
06/09/2011,25.51
07/09/2011,26
08/09/2011,26.22
09/09/2011,25.74
12/09/2011,25.89
13/09/2011,26.04
14/09/2011,26.5
15/09/2011,26.99
16/09/2011,27.12
19/09/2011,27.21
20/09/2011,26.98
21/09/2011,25.99
22/09/2011,25.06
23/09/2011,25.06
26/09/2011,25.44
27/09/2011,25.67
28/09/2011,25.58
29/09/2011,25.45
30/09/2011,24.89
03/10/2011,24.53
04/10/2011,25.34
05/10/2011,25.89
06/10/2011,26.34
07/10/2011,26.25
10/10/2011,26.94
11/10/2011,27
12/10/2011,26.96
13/10/2011,27.18
14/10/2011,27.27
17/10/2011,26.98
18/10/2011,27.31
19/10/2011,27.13
20/10/2011,27.04
21/10/2011,27.16
24/10/2011,27.19
25/10/2011,26.81
26/10/2011,26.59
27/10/2011,27.25
28/10/2011,26.98
31/10/2011,26.63
01/11/2011,25.99
02/11/2011,26.01
03/11/2011,26.53
04/11/2011,26.25
07/11/2011,26.8
08/11/2011,27.16
09/11/2011,26.2
10/11/2011,26.28
11/11/2011,26.91
14/11/2011,26.76
15/11/2011,26.74
16/11/2011,26.07
17/11/2011,25.54
18/11/2011,25.3
21/11/2011,25
22/11/2011,24.79
23/11/2011,24.47
25/11/2011,24.3
28/11/2011,24.87
29/11/2011,24.84
30/11/2011,25.58
01/12/2011,25.28
02/12/2011,25.22
05/12/2011,25.7
06/12/2011,25.66
07/12/2011,25.6
08/12/2011,25.4
09/12/2011,25.7
12/12/2011,25.51
13/12/2011,25.76
14/12/2011,25.59
15/12/2011,25.56
16/12/2011,26
19/12/2011,25.53
20/12/2011,26.03
21/12/2011,25.76
22/12/2011,25.81
23/12/2011,26.03
27/12/2011,26.04
28/12/2011,25.82
29/12/2011,26.02
30/12/2011,25.96
03/01/2012,26.77
04/01/2012,27.4
05/01/2012,27.68
06/01/2012,28.11
09/01/2012,27.74
10/01/2012,27.84
11/01/2012,27.72
12/01/2012,28
13/01/2012,28.25
17/01/2012,28.26
18/01/2012,28.23
19/01/2012,28.12
20/01/2012,29.71
23/01/2012,29.73
24/01/2012,29.34
25/01/2012,29.56
26/01/2012,29.5
27/01/2012,29.23
30/01/2012,29.61
31/01/2012,29.53
01/02/2012,29.89
02/02/2012,29.95
03/02/2012,30.24
06/02/2012,30.2
07/02/2012,30.35
08/02/2012,30.66
09/02/2012,30.77
10/02/2012,30.5
13/02/2012,30.58
14/02/2012,30.25
15/02/2012,30.05
16/02/2012,31.29
17/02/2012,31.25
21/02/2012,31.44
22/02/2012,31.27
23/02/2012,31.37
24/02/2012,31.48
27/02/2012,31.35
28/02/2012,31.87
29/02/2012,31.74
01/03/2012,32.29
02/03/2012,32.08
05/03/2012,31.8
06/03/2012,31.56
07/03/2012,31.84
08/03/2012,32.01
09/03/2012,31.99
12/03/2012,32.04
13/03/2012,32.67
14/03/2012,32.77
15/03/2012,32.85
16/03/2012,32.6
19/03/2012,32.2
20/03/2012,31.99
21/03/2012,31.91
22/03/2012,32
23/03/2012,32.01
26/03/2012,32.59
27/03/2012,32.52
28/03/2012,32.19
29/03/2012,32.12
30/03/2012,32.26
02/04/2012,32.29
03/04/2012,31.94
04/04/2012,31.21
05/04/2012,31.52
09/04/2012,31.1
10/04/2012,30.47
11/04/2012,30.35
12/04/2012,30.98
13/04/2012,30.81
16/04/2012,31.08
17/04/2012,31.44
18/04/2012,31.14
19/04/2012,31.01
20/04/2012,32.42
23/04/2012,32.12
24/04/2012,31.92
25/04/2012,32.2
26/04/2012,32.11
27/04/2012,31.98
30/04/2012,32.02
01/05/2012,32.01
02/05/2012,31.8
03/05/2012,31.76
04/05/2012,30.98
07/05/2012,30.65
08/05/2012,30.5
09/05/2012,30.76
10/05/2012,30.74
11/05/2012,31.16
14/05/2012,30.68
15/05/2012,30.21
16/05/2012,29.9
17/05/2012,29.72
18/05/2012,29.27
21/05/2012,29.75
22/05/2012,29.76
23/05/2012,29.11
24/05/2012,29.07
25/05/2012,29.06
29/05/2012,29.56
30/05/2012,29.34
31/05/2012,29.19
01/06/2012,28.45
04/06/2012,28.55
05/06/2012,28.51
06/06/2012,29.35
07/06/2012,29.23
08/06/2012,29.65
11/06/2012,28.9
12/06/2012,29.29
13/06/2012,29.13
14/06/2012,29.34
15/06/2012,30.02
18/06/2012,29.84
19/06/2012,30.7
20/06/2012,30.93
21/06/2012,30.14
22/06/2012,30.7
25/06/2012,29.87
26/06/2012,30.02
27/06/2012,30.17
28/06/2012,29.91
29/06/2012,30.59
02/07/2012,30.56
03/07/2012,30.76
05/07/2012,30.7
06/07/2012,30.19
09/07/2012,30
10/07/2012,29.74
11/07/2012,29.3
12/07/2012,28.63
13/07/2012,29.39
16/07/2012,29.44
17/07/2012,29.66
18/07/2012,30.45
19/07/2012,30.67
20/07/2012,30.12
23/07/2012,29.28
24/07/2012,29.15
25/07/2012,28.83
26/07/2012,29.16
27/07/2012,29.76
30/07/2012,29.64
31/07/2012,29.47
01/08/2012,29.41
02/08/2012,29.19
03/08/2012,29.75
06/08/2012,29.95
07/08/2012,30.26
08/08/2012,30.33
09/08/2012,30.5
10/08/2012,30.42
13/08/2012,30.39
14/08/2012,30.13
15/08/2012,30.2
16/08/2012,30.78
17/08/2012,30.9
20/08/2012,30.74
21/08/2012,30.8
22/08/2012,30.54
23/08/2012,30.26
24/08/2012,30.56
27/08/2012,30.69
28/08/2012,30.63
29/08/2012,30.65
30/08/2012,30.32
31/08/2012,30.82
04/09/2012,30.39
05/09/2012,30.39
06/09/2012,31.35
07/09/2012,30.95
10/09/2012,30.72
11/09/2012,30.79
12/09/2012,30.78
13/09/2012,30.94
14/09/2012,31.21
17/09/2012,31.21
18/09/2012,31.18
19/09/2012,31.05
20/09/2012,31.45
21/09/2012,31.19
24/09/2012,30.78
25/09/2012,30.39
26/09/2012,30.17
27/09/2012,30.16
28/09/2012,29.76
01/10/2012,29.49
02/10/2012,29.66
03/10/2012,29.86
04/10/2012,30.03
05/10/2012,29.85
08/10/2012,29.78
09/10/2012,29.28
10/10/2012,28.98
11/10/2012,28.95
12/10/2012,29.2
15/10/2012,29.51
16/10/2012,29.49
17/10/2012,29.59
18/10/2012,29.5
19/10/2012,28.64
22/10/2012,28
23/10/2012,28.05
24/10/2012,27.9
25/10/2012,27.88
26/10/2012,28.21
31/10/2012,28.54
01/11/2012,29.52
02/11/2012,29.5
05/11/2012,29.63
06/11/2012,29.86
07/11/2012,29.08
08/11/2012,28.81
09/11/2012,28.83
12/11/2012,28.22
13/11/2012,27.09
14/11/2012,26.84
15/11/2012,26.66
16/11/2012,26.52
19/11/2012,26.73
20/11/2012,26.71
21/11/2012,26.95
23/11/2012,27.7
26/11/2012,27.39
27/11/2012,27.08
28/11/2012,27.36
29/11/2012,26.95
30/11/2012,26.62
03/12/2012,26.43
04/12/2012,26.37
05/12/2012,26.67
06/12/2012,26.73
07/12/2012,26.46
10/12/2012,26.94
11/12/2012,27.32
12/12/2012,27.24
13/12/2012,27.11
14/12/2012,26.81
17/12/2012,27.1
18/12/2012,27.56
19/12/2012,27.31
20/12/2012,27.68
21/12/2012,27.45
24/12/2012,27.06
26/12/2012,26.86
27/12/2012,26.96
28/12/2012,26.55
31/12/2012,26.71
02/01/2013,27.62
03/01/2013,27.25
04/01/2013,26.74
07/01/2013,26.69
08/01/2013,26.55
09/01/2013,26.7
10/01/2013,26.46
11/01/2013,26.83
14/01/2013,26.89
15/01/2013,27.21
16/01/2013,27.04
17/01/2013,27.25
18/01/2013,27.25
22/01/2013,27.15
23/01/2013,27.61
24/01/2013,27.63
25/01/2013,27.88
28/01/2013,27.91
29/01/2013,28.01
30/01/2013,27.85
31/01/2013,27.45
01/02/2013,27.93
04/02/2013,27.44
05/02/2013,27.5
06/02/2013,27.34
07/02/2013,27.28
08/02/2013,27.55
11/02/2013,27.86
12/02/2013,27.88
13/02/2013,28.03
14/02/2013,28.04
15/02/2013,28.01
19/02/2013,28.05
20/02/2013,27.87
21/02/2013,27.49
22/02/2013,27.76
25/02/2013,27.37
26/02/2013,27.37
27/02/2013,27.81
28/02/2013,27.8
01/03/2013,27.95
04/03/2013,28.15
05/03/2013,28.35
06/03/2013,28.09
07/03/2013,28.14
08/03/2013,28
11/03/2013,27.87
12/03/2013,27.91
13/03/2013,27.92
14/03/2013,28.14
15/03/2013,28.04
18/03/2013,28.1
19/03/2013,28.18
20/03/2013,28.32
21/03/2013,28.11
22/03/2013,28.25
25/03/2013,28.16
26/03/2013,28.16
27/03/2013,28.37
28/03/2013,28.61
01/04/2013,28.61
02/04/2013,28.8
03/04/2013,28.56
04/04/2013,28.6
05/04/2013,28.7
08/04/2013,28.59
09/04/2013,29.61
10/04/2013,30.28
11/04/2013,28.94
12/04/2013,28.79
15/04/2013,28.69
16/04/2013,28.97
17/04/2013,28.83
18/04/2013,28.79
19/04/2013,29.77
22/04/2013,30.83
23/04/2013,30.6
24/04/2013,31.76
25/04/2013,31.94
26/04/2013,31.79
29/04/2013,32.61
30/04/2013,33.1
01/05/2013,32.72
02/05/2013,33.16
03/05/2013,33.49
06/05/2013,33.75
07/05/2013,33.31
08/05/2013,32.99
09/05/2013,32.66
10/05/2013,32.69
13/05/2013,33.03
14/05/2013,33.53
15/05/2013,33.85
16/05/2013,34.08
17/05/2013,34.87
20/05/2013,35.08
21/05/2013,34.85
22/05/2013,34.61
23/05/2013,34.15
24/05/2013,34.27
28/05/2013,35.02
29/05/2013,34.88
30/05/2013,35.03
31/05/2013,34.9
03/06/2013,35.59
04/06/2013,34.99
05/06/2013,34.78
06/06/2013,34.96
07/06/2013,35.67
10/06/2013,35.47
11/06/2013,34.84
12/06/2013,35
13/06/2013,34.72
14/06/2013,34.4
17/06/2013,35
18/06/2013,34.98
19/06/2013,34.59
20/06/2013,33.49
21/06/2013,33.27
24/06/2013,33.72
25/06/2013,33.67
26/06/2013,34.35
27/06/2013,34.62
28/06/2013,34.55
01/07/2013,34.36
02/07/2013,33.94
03/07/2013,34.01
05/07/2013,34.21
08/07/2013,34.33
09/07/2013,34.35
10/07/2013,34.7
11/07/2013,35.69
12/07/2013,35.67
15/07/2013,36.17
16/07/2013,36.27
17/07/2013,35.74
18/07/2013,35.44
19/07/2013,31.4
22/07/2013,32.01
23/07/2013,31.82
24/07/2013,31.96
25/07/2013,31.39
26/07/2013,31.62
29/07/2013,31.54
30/07/2013,31.85
31/07/2013,31.84
01/08/2013,31.67
02/08/2013,31.89
05/08/2013,31.7
06/08/2013,31.58
07/08/2013,32.06
08/08/2013,32.89
09/08/2013,32.7
12/08/2013,32.87
13/08/2013,32.23
14/08/2013,32.35
15/08/2013,31.79
16/08/2013,31.8
19/08/2013,31.39
20/08/2013,31.62
21/08/2013,31.61
22/08/2013,32.39
23/08/2013,34.75
26/08/2013,34.15
27/08/2013,33.26
28/08/2013,33.02
29/08/2013,33.55
30/08/2013,33.4
03/09/2013,31.88
04/09/2013,31.2
05/09/2013,31.24
06/09/2013,31.15
09/09/2013,31.66
10/09/2013,32.39
11/09/2013,32.74
12/09/2013,32.69
13/09/2013,33.03
16/09/2013,32.8
17/09/2013,32.93
18/09/2013,33.32
19/09/2013,33.64
20/09/2013,32.79
23/09/2013,32.74
24/09/2013,32.46
25/09/2013,32.51
26/09/2013,32.77
27/09/2013,33.27
30/09/2013,33.28
01/10/2013,33.58
02/10/2013,33.92
03/10/2013,33.86
04/10/2013,33.88
07/10/2013,33.3
08/10/2013,33.01
09/10/2013,33.07
10/10/2013,33.76
11/10/2013,34.13
14/10/2013,34.45
15/10/2013,34.49
16/10/2013,34.64
17/10/2013,34.92
18/10/2013,34.96
21/10/2013,34.99
22/10/2013,34.58
23/10/2013,33.76
24/10/2013,33.72
25/10/2013,35.73
28/10/2013,35.57
29/10/2013,35.52
30/10/2013,35.54
31/10/2013,35.41
01/11/2013,35.53
04/11/2013,35.94
05/11/2013,36.64
06/11/2013,38.18
07/11/2013,37.5
08/11/2013,37.78
11/11/2013,37.59
12/11/2013,37.36
13/11/2013,38.16
14/11/2013,38.02
15/11/2013,37.84
18/11/2013,37.2
19/11/2013,36.74
20/11/2013,37.08
21/11/2013,37.4
22/11/2013,37.57
25/11/2013,37.64
26/11/2013,37.35
27/11/2013,37.6
29/11/2013,38.13
02/12/2013,38.45
03/12/2013,38.31
04/12/2013,38.94
05/12/2013,38
06/12/2013,38.36
09/12/2013,38.71
10/12/2013,38.11
11/12/2013,37.61
12/12/2013,37.22
13/12/2013,36.69
16/12/2013,36.89
17/12/2013,36.52
18/12/2013,36.58
19/12/2013,36.25
20/12/2013,36.8
23/12/2013,36.62
24/12/2013,37.08
26/12/2013,37.44
27/12/2013,37.29
30/12/2013,37.29
31/12/2013,37.41
02/01/2014,37.16
03/01/2014,36.91
06/01/2014,36.13
07/01/2014,36.41
08/01/2014,35.76
09/01/2014,35.53
10/01/2014,36.04
13/01/2014,34.98
14/01/2014,35.78
15/01/2014,36.76
16/01/2014,36.89
17/01/2014,36.38
21/01/2014,36.17
22/01/2014,35.93
23/01/2014,36.06
24/01/2014,36.81
27/01/2014,36.03
28/01/2014,36.27
29/01/2014,36.66
30/01/2014,36.86
31/01/2014,37.84
03/02/2014,36.48
04/02/2014,36.35
05/02/2014,35.82
06/02/2014,36.18
07/02/2014,36.56
10/02/2014,36.8
11/02/2014,37.18
12/02/2014,37.47
13/02/2014,37.61
14/02/2014,37.62
18/02/2014,37.42
19/02/2014,37.51
20/02/2014,37.75
21/02/2014,37.98
24/02/2014,37.69
25/02/2014,37.54
26/02/2014,37.47
27/02/2014,37.86
28/02/2014,38.31
03/03/2014,37.78
04/03/2014,38.41
05/03/2014,38.11
06/03/2014,38.15
07/03/2014,37.9
10/03/2014,37.82
11/03/2014,38.02
12/03/2014,38.27
13/03/2014,37.89
14/03/2014,37.7
17/03/2014,38.05
18/03/2014,39.55
19/03/2014,39.27
20/03/2014,40.33
21/03/2014,40.16
24/03/2014,40.5
25/03/2014,40.34
26/03/2014,39.79
27/03/2014,39.36
28/03/2014,40.3
31/03/2014,40.99
01/04/2014,41.42
02/04/2014,41.35
03/04/2014,41.01
04/04/2014,39.87
07/04/2014,39.8
08/04/2014,39.82
09/04/2014,40.47
10/04/2014,39.36
11/04/2014,39.21
14/04/2014,39.18
15/04/2014,39.75
16/04/2014,40.4
17/04/2014,40.01
21/04/2014,39.94
22/04/2014,39.99
23/04/2014,39.69
24/04/2014,39.86
25/04/2014,39.91
28/04/2014,40.87
29/04/2014,40.51
30/04/2014,40.4
01/05/2014,40
02/05/2014,39.69
05/05/2014,39.43
06/05/2014,39.06
07/05/2014,39.43
08/05/2014,39.64
09/05/2014,39.54
12/05/2014,39.97
13/05/2014,40.42
14/05/2014,40.24
15/05/2014,39.6
16/05/2014,39.83
19/05/2014,39.75
20/05/2014,39.68
21/05/2014,40.35
22/05/2014,40.1
23/05/2014,40.12
27/05/2014,40.19
28/05/2014,40.01
29/05/2014,40.34
30/05/2014,40.94
02/06/2014,40.79
03/06/2014,40.29
04/06/2014,40.32
05/06/2014,41.21
06/06/2014,41.48
09/06/2014,41.27
10/06/2014,41.11
11/06/2014,40.86
12/06/2014,40.58
13/06/2014,41.23
16/06/2014,41.5
17/06/2014,41.68
18/06/2014,41.65
19/06/2014,41.51
20/06/2014,41.68
23/06/2014,41.99
24/06/2014,41.75
25/06/2014,42.03
26/06/2014,41.72
27/06/2014,42.25
30/06/2014,41.7
01/07/2014,41.87
02/07/2014,41.9
03/07/2014,41.8
07/07/2014,41.99
08/07/2014,41.78
09/07/2014,41.67
10/07/2014,41.69
11/07/2014,42.09
14/07/2014,42.14
15/07/2014,42.45
16/07/2014,44.08
17/07/2014,44.53
18/07/2014,44.69
21/07/2014,44.84
22/07/2014,44.83
23/07/2014,44.87
24/07/2014,44.4
25/07/2014,44.5
28/07/2014,43.97
29/07/2014,43.89
30/07/2014,43.58
31/07/2014,43.16
01/08/2014,42.86
04/08/2014,43.37
05/08/2014,43.08
06/08/2014,42.74
07/08/2014,43.23
08/08/2014,43.2
11/08/2014,43.2
12/08/2014,43.52
13/08/2014,44.08
14/08/2014,44.27
15/08/2014,44.79
18/08/2014,45.11
19/08/2014,45.33
20/08/2014,44.95
21/08/2014,45.22
22/08/2014,45.15
25/08/2014,45.17
26/08/2014,45.01
27/08/2014,44.87
28/08/2014,44.88
29/08/2014,45.43
02/09/2014,45.09
03/09/2014,44.96
04/09/2014,45.26
05/09/2014,45.91
08/09/2014,46.47
09/09/2014,46.76
10/09/2014,46.84
11/09/2014,47
12/09/2014,46.7
15/09/2014,46.24
16/09/2014,46.76
17/09/2014,46.52
18/09/2014,46.68
19/09/2014,47.52
22/09/2014,47.06
23/09/2014,46.56
24/09/2014,47.08
25/09/2014,46.04
26/09/2014,46.41
29/09/2014,46.44
30/09/2014,46.36
01/10/2014,45.9
02/10/2014,45.76
03/10/2014,46.09
06/10/2014,46.09
07/10/2014,45.53
08/10/2014,46.78
09/10/2014,45.85
10/10/2014,44.03
13/10/2014,43.65
14/10/2014,43.73
15/10/2014,43.22
16/10/2014,42.74
17/10/2014,43.63
20/10/2014,44.08
21/10/2014,44.88
22/10/2014,44.38
23/10/2014,45.02
24/10/2014,46.13
27/10/2014,45.91
28/10/2014,46.49
29/10/2014,46.62
30/10/2014,46.05
31/10/2014,46.95
03/11/2014,47.44
04/11/2014,47.57
05/11/2014,47.86
06/11/2014,48.7
07/11/2014,48.68
10/11/2014,48.89
11/11/2014,48.87
12/11/2014,48.78
13/11/2014,49.61
14/11/2014,49.58
17/11/2014,49.46
18/11/2014,48.74
19/11/2014,48.22
20/11/2014,48.7
21/11/2014,47.98
24/11/2014,47.59
25/11/2014,47.47
26/11/2014,47.75
28/11/2014,47.81
01/12/2014,48.62
02/12/2014,48.46
03/12/2014,48.08
04/12/2014,48.84
05/12/2014,48.42
08/12/2014,47.7
09/12/2014,47.59
10/12/2014,46.9
11/12/2014,47.17
12/12/2014,46.95
15/12/2014,46.67
16/12/2014,45.16
17/12/2014,45.74
18/12/2014,47.52
19/12/2014,47.66
22/12/2014,47.98
23/12/2014,48.45
24/12/2014,48.14
26/12/2014,47.88
29/12/2014,47.45
30/12/2014,47.02
31/12/2014,46.45
02/01/2015,46.76
05/01/2015,46.33
06/01/2015,45.65
07/01/2015,46.23
08/01/2015,47.59
09/01/2015,47.19
12/01/2015,46.6
13/01/2015,46.36
14/01/2015,45.96
15/01/2015,45.48
16/01/2015,46.24
20/01/2015,46.39
21/01/2015,45.92
22/01/2015,47.13
23/01/2015,47.18
26/01/2015,47.01
27/01/2015,42.66
28/01/2015,41.19
29/01/2015,42.01
30/01/2015,40.4
02/02/2015,41.28
03/02/2015,41.6
04/02/2015,41.84
05/02/2015,42.45
06/02/2015,42.41
09/02/2015,42.36
10/02/2015,42.6
11/02/2015,42.38
12/02/2015,43.09
13/02/2015,43.87
17/02/2015,43.58
18/02/2015,43.53
19/02/2015,43.5
20/02/2015,43.86
23/02/2015,44.15
24/02/2015,44.09
25/02/2015,43.99
26/02/2015,44.06
27/02/2015,43.85
02/03/2015,43.88
03/03/2015,43.28
04/03/2015,43.06
05/03/2015,43.11
06/03/2015,42.36
09/03/2015,42.85
10/03/2015,42.03
11/03/2015,41.98
12/03/2015,41.02
13/03/2015,41.38
16/03/2015,41.56
17/03/2015,41.7
18/03/2015,42.5
19/03/2015,42.29
20/03/2015,42.88
23/03/2015,42.86
24/03/2015,42.9
25/03/2015,41.46
26/03/2015,41.21
27/03/2015,40.97
30/03/2015,40.96
31/03/2015,40.66
01/04/2015,40.72
02/04/2015,40.29
06/04/2015,41.55
07/04/2015,41.53
08/04/2015,41.42
09/04/2015,41.48
10/04/2015,41.72
13/04/2015,41.76
14/04/2015,41.65
15/04/2015,42.26
16/04/2015,42.16
17/04/2015,41.62
20/04/2015,42.91
21/04/2015,42.64
22/04/2015,42.99
23/04/2015,43.34
24/04/2015,47.87
27/04/2015,48.03
28/04/2015,49.16
29/04/2015,49.06
30/04/2015,48.64
01/05/2015,48.66
04/05/2015,48.24
05/05/2015,47.6
06/05/2015,46.28
07/05/2015,46.7
08/05/2015,47.75
11/05/2015,47.37
12/05/2015,47.35
13/05/2015,47.63
14/05/2015,48.72
15/05/2015,48.3
18/05/2015,48.01
19/05/2015,47.58
20/05/2015,47.58
21/05/2015,47.42
22/05/2015,46.9
26/05/2015,46.59
27/05/2015,47.61
28/05/2015,47.45
29/05/2015,46.86
01/06/2015,47.23
02/06/2015,46.92
03/06/2015,46.85
04/06/2015,46.36
05/06/2015,46.14
08/06/2015,45.73
09/06/2015,45.65
10/06/2015,46.61
11/06/2015,46.44
12/06/2015,45.97
15/06/2015,45.48
16/06/2015,45.83
17/06/2015,45.97
18/06/2015,46.72
19/06/2015,46.1
22/06/2015,46.23
23/06/2015,45.91
24/06/2015,45.64
25/06/2015,45.65
26/06/2015,45.26
29/06/2015,44.37
30/06/2015,44.15
01/07/2015,44.45
02/07/2015,44.4
06/07/2015,44.39
07/07/2015,44.3
08/07/2015,44.24
09/07/2015,44.52
10/07/2015,44.61
13/07/2015,45.54
14/07/2015,45.62
15/07/2015,45.76
16/07/2015,46.66
17/07/2015,46.62
20/07/2015,46.92
21/07/2015,47.28
22/07/2015,45.54
23/07/2015,46.11
24/07/2015,45.94
27/07/2015,45.35
28/07/2015,45.34
29/07/2015,46.29
30/07/2015,46.88
31/07/2015,46.7
03/08/2015,46.81
04/08/2015,47.54
05/08/2015,47.58
06/08/2015,46.62
07/08/2015,46.74
10/08/2015,47.33
11/08/2015,46.41
12/08/2015,46.74
13/08/2015,46.73
14/08/2015,47
17/08/2015,47.32
18/08/2015,47.27
19/08/2015,46.61
20/08/2015,45.66
21/08/2015,43.07
24/08/2015,41.68
25/08/2015,40.47
26/08/2015,42.71
27/08/2015,43.9
28/08/2015,43.93
31/08/2015,43.52
01/09/2015,41.82
02/09/2015,43.36
03/09/2015,43.5
04/09/2015,42.61
08/09/2015,43.89
09/09/2015,43.07
10/09/2015,43.29
11/09/2015,43.48
14/09/2015,43.04
15/09/2015,43.98
16/09/2015,44.3
17/09/2015,44.25
18/09/2015,43.48
21/09/2015,44.11
22/09/2015,43.9
23/09/2015,43.87
24/09/2015,43.91
25/09/2015,43.94
28/09/2015,43.29
29/09/2015,43.44
30/09/2015,44.26
01/10/2015,44.61
02/10/2015,45.57
05/10/2015,46.63
06/10/2015,46.75
07/10/2015,46.8
08/10/2015,47.45
09/10/2015,47.11
12/10/2015,47
13/10/2015,46.89
14/10/2015,46.68
15/10/2015,47.01
16/10/2015,47.51
19/10/2015,47.62
20/10/2015,47.77
21/10/2015,47.2
22/10/2015,48.03
23/10/2015,52.87
26/10/2015,54.25
27/10/2015,53.69
28/10/2015,53.98
29/10/2015,53.36
30/10/2015,52.64
02/11/2015,53.24
03/11/2015,54.15
04/11/2015,54.4
05/11/2015,54.38
06/11/2015,54.92
09/11/2015,54.16
10/11/2015,53.51
11/11/2015,53.65
12/11/2015,53.32
13/11/2015,52.84
16/11/2015,53.77
17/11/2015,52.97
18/11/2015,53.85
19/11/2015,53.94
20/11/2015,54.19
23/11/2015,54.19
24/11/2015,54.25
25/11/2015,53.69
27/11/2015,53.93
30/11/2015,54.35
01/12/2015,55.22
02/12/2015,55.21
03/12/2015,54.2
04/12/2015,55.91
07/12/2015,55.81
08/12/2015,55.79
09/12/2015,54.98
10/12/2015,55.27
11/12/2015,54.06
14/12/2015,55.14
15/12/2015,55.2
16/12/2015,56.13
17/12/2015,55.7
18/12/2015,54.13
21/12/2015,54.83
22/12/2015,55.35
23/12/2015,55.82
24/12/2015,55.67
28/12/2015,55.95
29/12/2015,56.55
30/12/2015,56.31
31/12/2015,55.48
04/01/2016,54.8
05/01/2016,55.05
06/01/2016,54.05
07/01/2016,52.17
08/01/2016,52.33
11/01/2016,52.3
12/01/2016,52.78
13/01/2016,51.64
14/01/2016,53.11
15/01/2016,50.99
19/01/2016,50.56
20/01/2016,50.79
21/01/2016,50.48
22/01/2016,52.29
25/01/2016,51.79
26/01/2016,52.17
27/01/2016,51.22
28/01/2016,52.06
29/01/2016,55.09
01/02/2016,54.71
02/02/2016,53
03/02/2016,52.16
04/02/2016,52
05/02/2016,50.16
08/02/2016,49.41
09/02/2016,49.28
10/02/2016,49.71
11/02/2016,49.69
12/02/2016,50.5
16/02/2016,51.09
17/02/2016,52.42
18/02/2016,52.19
19/02/2016,51.82
22/02/2016,52.65
23/02/2016,51.18
24/02/2016,51.36
25/02/2016,52.1
26/02/2016,51.3
29/02/2016,50.88
01/03/2016,52.58
02/03/2016,52.95
03/03/2016,52.35
04/03/2016,52.03
07/03/2016,51.03
08/03/2016,51.65
09/03/2016,52.84
10/03/2016,52.05
11/03/2016,53.07
14/03/2016,53.17
15/03/2016,53.59
16/03/2016,54.35
17/03/2016,54.66
18/03/2016,53.49
21/03/2016,53.86
22/03/2016,54.07
23/03/2016,53.97
24/03/2016,54.21
28/03/2016,53.54
29/03/2016,54.71
30/03/2016,55.05
31/03/2016,55.23
01/04/2016,55.57
04/04/2016,55.43
05/04/2016,54.56
06/04/2016,55.12
07/04/2016,54.46
08/04/2016,54.42
11/04/2016,54.31
12/04/2016,54.65
13/04/2016,55.35
14/04/2016,55.36
15/04/2016,55.65
18/04/2016,56.46
19/04/2016,56.39
20/04/2016,55.59
21/04/2016,55.78
22/04/2016,51.78
25/04/2016,52.11
26/04/2016,51.44
27/04/2016,50.94
28/04/2016,49.9
29/04/2016,49.87
02/05/2016,50.61
03/05/2016,49.78
04/05/2016,49.87
05/05/2016,49.94
06/05/2016,50.39
09/05/2016,50.07
10/05/2016,51.02
11/05/2016,51.05
12/05/2016,51.51
13/05/2016,51.08
16/05/2016,51.83
17/05/2016,50.51
18/05/2016,50.81
19/05/2016,50.32
20/05/2016,50.62
23/05/2016,50.03
24/05/2016,51.59
25/05/2016,52.12
26/05/2016,51.89
27/05/2016,52.32
31/05/2016,53
01/06/2016,52.85
02/06/2016,52.48
03/06/2016,51.79
06/06/2016,52.13
07/06/2016,52.1
08/06/2016,52.04
09/06/2016,51.62
10/06/2016,51.48
13/06/2016,50.14
14/06/2016,49.83
15/06/2016,49.69
16/06/2016,50.39
17/06/2016,50.13
20/06/2016,50.07
21/06/2016,51.19
22/06/2016,50.99
23/06/2016,51.91
24/06/2016,49.83
27/06/2016,48.43
28/06/2016,49.44
29/06/2016,50.54
30/06/2016,51.17
01/07/2016,51.16
05/07/2016,51.17
06/07/2016,51.38
07/07/2016,51.38
08/07/2016,52.3
11/07/2016,52.59
12/07/2016,53.21
13/07/2016,53.51
14/07/2016,53.74
15/07/2016,53.7
18/07/2016,53.96
19/07/2016,53.09
20/07/2016,55.91
21/07/2016,55.8
22/07/2016,56.57
25/07/2016,56.73
26/07/2016,56.76
27/07/2016,56.19
28/07/2016,56.21
29/07/2016,56.68
01/08/2016,56.58
02/08/2016,56.58
03/08/2016,56.97
04/08/2016,57.39
05/08/2016,57.96
08/08/2016,58.06
09/08/2016,58.2
10/08/2016,58.02
11/08/2016,58.3
12/08/2016,57.94
15/08/2016,58.12
16/08/2016,57.44
17/08/2016,57.56
18/08/2016,57.6
19/08/2016,57.62
22/08/2016,57.67
23/08/2016,57.89
24/08/2016,57.95
25/08/2016,58.17
26/08/2016,58.03
29/08/2016,58.1
30/08/2016,57.89
31/08/2016,57.46
01/09/2016,57.59
02/09/2016,57.67
06/09/2016,57.61
07/09/2016,57.66
08/09/2016,57.43
09/09/2016,56.21
12/09/2016,57.05
13/09/2016,56.53
14/09/2016,56.26
15/09/2016,57.19
16/09/2016,57.25
19/09/2016,56.93
20/09/2016,56.81
21/09/2016,57.76
22/09/2016,57.82
23/09/2016,57.43
26/09/2016,56.9
27/09/2016,57.95
28/09/2016,58.03
29/09/2016,57.4
30/09/2016,57.6
03/10/2016,57.42
04/10/2016,57.24
05/10/2016,57.64
06/10/2016,57.74
07/10/2016,57.8
10/10/2016,58.04
11/10/2016,57.19
12/10/2016,57.11
13/10/2016,56.92
14/10/2016,57.42
17/10/2016,57.22
18/10/2016,57.66
19/10/2016,57.53
20/10/2016,57.25
21/10/2016,59.66
24/10/2016,61
25/10/2016,60.99
26/10/2016,60.63
27/10/2016,60.1
28/10/2016,59.87
31/10/2016,59.92
01/11/2016,59.8
02/11/2016,59.43
03/11/2016,59.21
04/11/2016,58.71
07/11/2016,60.42
08/11/2016,60.47
09/11/2016,60.17
10/11/2016,58.7
11/11/2016,59.02
14/11/2016,58.12
15/11/2016,58.87
16/11/2016,59.65
17/11/2016,60.64
18/11/2016,60.35
21/11/2016,60.86
22/11/2016,61.12
23/11/2016,60.4
25/11/2016,60.53
28/11/2016,60.61
29/11/2016,61.09
30/11/2016,60.26
01/12/2016,59.2
02/12/2016,59.25
05/12/2016,60.22
06/12/2016,59.95
07/12/2016,61.37
08/12/2016,61.01
09/12/2016,61.97
12/12/2016,62.17
13/12/2016,62.98
14/12/2016,62.68
15/12/2016,62.58
16/12/2016,62.3
19/12/2016,63.62
20/12/2016,63.54
21/12/2016,63.54
22/12/2016,63.55
23/12/2016,63.24
27/12/2016,63.28
28/12/2016,62.99
29/12/2016,62.9
30/12/2016,62.14
03/01/2017,62.58
04/01/2017,62.3
05/01/2017,62.3
06/01/2017,62.84
09/01/2017,62.64
10/01/2017,62.62
11/01/2017,63.19
12/01/2017,62.61
13/01/2017,62.7
17/01/2017,62.53
18/01/2017,62.5
19/01/2017,62.3
20/01/2017,62.74
23/01/2017,62.96
24/01/2017,63.52
25/01/2017,63.68
26/01/2017,64.27
27/01/2017,65.78
30/01/2017,65.13
31/01/2017,64.65
01/02/2017,63.58
02/02/2017,63.17
03/02/2017,63.68
06/02/2017,63.64
07/02/2017,63.43
08/02/2017,63.34
09/02/2017,64.06
10/02/2017,64
13/02/2017,64.72
14/02/2017,64.57
15/02/2017,64.53
16/02/2017,64.52
17/02/2017,64.62
21/02/2017,64.49
22/02/2017,64.36
23/02/2017,64.62
24/02/2017,64.62
27/02/2017,64.23
28/02/2017,63.98
01/03/2017,64.94
02/03/2017,64.01
03/03/2017,64.25
06/03/2017,64.27
07/03/2017,64.4
08/03/2017,64.99
09/03/2017,64.73
10/03/2017,64.93
13/03/2017,64.71
14/03/2017,64.41
15/03/2017,64.75
16/03/2017,64.64
17/03/2017,64.87
20/03/2017,64.93
21/03/2017,64.21
22/03/2017,65.03
23/03/2017,64.87
24/03/2017,64.98
27/03/2017,65.1
28/03/2017,65.29
29/03/2017,65.47
30/03/2017,65.71
31/03/2017,65.86
03/04/2017,65.55
04/04/2017,65.73
05/04/2017,65.56
06/04/2017,65.73
07/04/2017,65.68
10/04/2017,65.53
11/04/2017,65.48
12/04/2017,65.23
13/04/2017,64.95
17/04/2017,65.48
18/04/2017,65.39
19/04/2017,65.04
20/04/2017,65.5
21/04/2017,66.4
24/04/2017,67.53
25/04/2017,67.92
26/04/2017,67.83
27/04/2017,68.27
28/04/2017,68.46
01/05/2017,69.41
02/05/2017,69.3
03/05/2017,69.08
04/05/2017,68.81
05/05/2017,69
08/05/2017,68.94
09/05/2017,69.04
10/05/2017,69.31
11/05/2017,68.46
12/05/2017,68.38
15/05/2017,68.43
16/05/2017,69.41
17/05/2017,67.48
18/05/2017,67.71
19/05/2017,67.69
22/05/2017,68.45
23/05/2017,68.68
24/05/2017,68.77
25/05/2017,69.62
26/05/2017,69.96
30/05/2017,70.41
31/05/2017,69.84
01/06/2017,70.1
02/06/2017,71.76
05/06/2017,72.28
06/06/2017,72.52
07/06/2017,72.39
08/06/2017,71.95
09/06/2017,70.32
12/06/2017,69.78
13/06/2017,70.65
14/06/2017,70.27
15/06/2017,69.9
16/06/2017,70
19/06/2017,70.87
20/06/2017,69.91
21/06/2017,70.27
22/06/2017,70.26
23/06/2017,71.21
26/06/2017,70.53
27/06/2017,69.21
28/06/2017,69.8
29/06/2017,68.49
30/06/2017,68.93
03/07/2017,68.17
05/07/2017,69.08
06/07/2017,68.57
07/07/2017,69.46
10/07/2017,69.98
11/07/2017,69.99
12/07/2017,71.15
13/07/2017,71.77
14/07/2017,72.78
17/07/2017,73.35
18/07/2017,73.3
19/07/2017,73.86
20/07/2017,74.22
21/07/2017,73.79
24/07/2017,73.6
25/07/2017,74.19
26/07/2017,74.05
27/07/2017,73.16
28/07/2017,73.04
31/07/2017,72.7
01/08/2017,72.58
02/08/2017,72.26
03/08/2017,72.15
04/08/2017,72.68
07/08/2017,72.4
08/08/2017,72.79
09/08/2017,72.47
10/08/2017,71.41
11/08/2017,72.5
14/08/2017,73.59
15/08/2017,73.22
16/08/2017,73.65
17/08/2017,72.4
18/08/2017,72.49
21/08/2017,72.15
22/08/2017,73.16
23/08/2017,72.72
24/08/2017,72.69
25/08/2017,72.82
28/08/2017,72.83
29/08/2017,73.05
30/08/2017,74.01
31/08/2017,74.77
01/09/2017,73.94
05/09/2017,73.61
06/09/2017,73.4
07/09/2017,74.34
08/09/2017,73.98
11/09/2017,74.76
12/09/2017,74.68
13/09/2017,75.21
14/09/2017,74.77
15/09/2017,75.31
18/09/2017,75.16
19/09/2017,75.44
20/09/2017,74.94
21/09/2017,74.21
22/09/2017,74.41
25/09/2017,73.26
26/09/2017,73.26
27/09/2017,73.85
28/09/2017,73.87
29/09/2017,74.49
02/10/2017,74.61
03/10/2017,74.26
04/10/2017,74.69
05/10/2017,75.97
06/10/2017,76
09/10/2017,76.29
10/10/2017,76.29
11/10/2017,76.42
12/10/2017,77.12
13/10/2017,77.49
16/10/2017,77.65
17/10/2017,77.59
18/10/2017,77.61
19/10/2017,77.91
20/10/2017,78.81
23/10/2017,78.83
24/10/2017,78.86
25/10/2017,78.63
26/10/2017,78.76
27/10/2017,83.81
30/10/2017,83.89
31/10/2017,83.18
01/11/2017,83.18
02/11/2017,84.05
03/11/2017,84.14
06/11/2017,84.47
07/11/2017,84.27
08/11/2017,84.56
09/11/2017,84.09
10/11/2017,83.87
13/11/2017,83.93
14/11/2017,84.05
15/11/2017,82.98
16/11/2017,83.2
17/11/2017,82.4
20/11/2017,82.53
21/11/2017,83.72
22/11/2017,83.11
24/11/2017,83.26
27/11/2017,83.87
28/11/2017,84.88
29/11/2017,83.34
30/11/2017,84.17
01/12/2017,84.26
04/12/2017,81.08
05/12/2017,81.59
06/12/2017,82.78
07/12/2017,82.49
08/12/2017,84.16
11/12/2017,85.23
12/12/2017,85.58
13/12/2017,85.35
14/12/2017,84.69
15/12/2017,86.85
18/12/2017,86.38
19/12/2017,85.83
20/12/2017,85.52
21/12/2017,85.5
22/12/2017,85.51
26/12/2017,85.4
27/12/2017,85.71
28/12/2017,85.72
29/12/2017,85.54
02/01/2018,85.95
03/01/2018,86.35
04/01/2018,87.11
05/01/2018,88.19
08/01/2018,88.28
09/01/2018,88.22
10/01/2018,87.82
11/01/2018,88.08
12/01/2018,89.6
16/01/2018,88.35
17/01/2018,90.14
18/01/2018,90.1
19/01/2018,90
22/01/2018,91.61
23/01/2018,91.9
24/01/2018,91.82
25/01/2018,92.33
26/01/2018,94.06
29/01/2018,93.92
30/01/2018,92.74
31/01/2018,95.01
01/02/2018,94.26
02/02/2018,91.78
05/02/2018,88
06/02/2018,91.33
07/02/2018,89.61
08/02/2018,85.01
09/02/2018,88.18
12/02/2018,89.13
13/02/2018,89.83
14/02/2018,90.81
15/02/2018,92.66
16/02/2018,92
20/02/2018,92.72
21/02/2018,91.49
22/02/2018,91.73
23/02/2018,94.06
26/02/2018,95.42
27/02/2018,94.2
28/02/2018,93.77
01/03/2018,92.85
02/03/2018,93.05
05/03/2018,93.64
06/03/2018,93.32
07/03/2018,93.86
08/03/2018,94.43
09/03/2018,96.54
12/03/2018,96.77
13/03/2018,94.41
14/03/2018,93.85
15/03/2018,94.18
16/03/2018,94.6
19/03/2018,92.89
20/03/2018,93.13
21/03/2018,92.48
22/03/2018,89.79
23/03/2018,87.18
26/03/2018,93.78
27/03/2018,89.47
28/03/2018,89.39
29/03/2018,91.27
02/04/2018,88.52
03/04/2018,89.71
04/04/2018,92.33
05/04/2018,92.38
06/04/2018,90.23
09/04/2018,90.77
10/04/2018,92.88
11/04/2018,91.86
12/04/2018,93.58
13/04/2018,93.08
16/04/2018,94.17
17/04/2018,96.07
18/04/2018,96.44
19/04/2018,96.11
20/04/2018,95
23/04/2018,95.35
24/04/2018,93.12
25/04/2018,92.31
26/04/2018,94.26
27/04/2018,95.82
30/04/2018,93.52
01/05/2018,95
02/05/2018,93.51
03/05/2018,94.07
04/05/2018,95.16
07/05/2018,96.22
08/05/2018,95.81
09/05/2018,96.94
10/05/2018,97.91
11/05/2018,97.7
14/05/2018,98.03
15/05/2018,97.32
16/05/2018,97.15
17/05/2018,96.18
18/05/2018,96.36
21/05/2018,97.6
22/05/2018,97.5
23/05/2018,98.66
24/05/2018,98.31
25/05/2018,98.36
29/05/2018,98.01
30/05/2018,98.95
31/05/2018,98.84
01/06/2018,100.79
04/06/2018,101.67
05/06/2018,102.19
06/06/2018,102.49
07/06/2018,100.88
08/06/2018,101.63
11/06/2018,101.05
12/06/2018,101.31
13/06/2018,100.85
14/06/2018,101.42
15/06/2018,100.13
18/06/2018,100.86
19/06/2018,100.86
20/06/2018,101.87
21/06/2018,101.14
22/06/2018,100.41
25/06/2018,98.39
26/06/2018,99.08
27/06/2018,97.54
28/06/2018,98.63
29/06/2018,98.61
02/07/2018,100.01
03/07/2018,99.05
05/07/2018,99.76
06/07/2018,101.16
09/07/2018,101.85
10/07/2018,102.12
11/07/2018,101.98
12/07/2018,104.19
13/07/2018,105.43
16/07/2018,104.91
17/07/2018,105.95
18/07/2018,105.12
19/07/2018,104.4
20/07/2018,106.27
23/07/2018,107.97
24/07/2018,107.66
25/07/2018,110.83
26/07/2018,109.62
27/07/2018,107.68
30/07/2018,105.37
31/07/2018,106.08
01/08/2018,106.28
02/08/2018,107.57
03/08/2018,108.04
06/08/2018,108.13
07/08/2018,108.88
08/08/2018,109.49
09/08/2018,109.67
10/08/2018,109
13/08/2018,108.21
14/08/2018,109.56
15/08/2018,107.66
16/08/2018,107.64
17/08/2018,107.58
20/08/2018,106.87
21/08/2018,105.98
22/08/2018,107.06
23/08/2018,107.56
24/08/2018,108.4
27/08/2018,109.6
28/08/2018,110.26
29/08/2018,112.02
30/08/2018,111.95
31/08/2018,112.33
04/09/2018,111.71
05/09/2018,108.49
06/09/2018,108.74
07/09/2018,108.21
10/09/2018,109.38
11/09/2018,111.24
12/09/2018,111.71
13/09/2018,112.91
14/09/2018,113.37
17/09/2018,112.14
18/09/2018,113.21
19/09/2018,111.7
20/09/2018,113.57
21/09/2018,114.26
24/09/2018,114.67
25/09/2018,114.45
26/09/2018,113.98
27/09/2018,114.41
28/09/2018,114.37
01/10/2018,115.61
02/10/2018,115.15
03/10/2018,115.17
04/10/2018,112.79
05/10/2018,112.13
08/10/2018,110.85
09/10/2018,112.26
10/10/2018,106.16
11/10/2018,105.91
12/10/2018,109.57
15/10/2018,107.6
16/10/2018,111
17/10/2018,110.71
18/10/2018,108.5
19/10/2018,108.66
22/10/2018,109.63
23/10/2018,108.1
24/10/2018,102.32
25/10/2018,108.3
26/10/2018,106.96
29/10/2018,103.85
30/10/2018,103.73
31/10/2018,106.81
01/11/2018,105.92
02/11/2018,106.16
05/11/2018,107.51
06/11/2018,107.72
07/11/2018,111.96
08/11/2018,111.75
09/11/2018,109.57
12/11/2018,106.87
13/11/2018,106.94
14/11/2018,104.97
15/11/2018,107.28
16/11/2018,108.29
19/11/2018,104.62
20/11/2018,101.71
21/11/2018,103.11
23/11/2018,103.07
26/11/2018,106.47
27/11/2018,107.14
28/11/2018,111.12
29/11/2018,110.19
30/11/2018,110.89
03/12/2018,112.09
04/12/2018,108.52
06/12/2018,109.19
07/12/2018,104.82
10/12/2018,107.59
11/12/2018,108.59
12/12/2018,109.08
13/12/2018,109.45
14/12/2018,106.03
17/12/2018,102.89
18/12/2018,103.97
19/12/2018,103.69
20/12/2018,101.51
21/12/2018,98.23
24/12/2018,94.13
26/12/2018,100.56
27/12/2018,101.18
28/12/2018,100.39
31/12/2018,101.57
02/01/2019,101.12
03/01/2019,97.4
04/01/2019,101.93
07/01/2019,102.06
08/01/2019,102.8
09/01/2019,104.27
10/01/2019,103.6
11/01/2019,102.8
14/01/2019,102.05
15/01/2019,105.01
16/01/2019,105.38
17/01/2019,106.12
18/01/2019,107.71
22/01/2019,105.68
23/01/2019,106.71
24/01/2019,106.2
25/01/2019,107.17
28/01/2019,105.08
29/01/2019,102.94
30/01/2019,106.38
31/01/2019,104.43
01/02/2019,102.78
04/02/2019,105.74
05/02/2019,107.22
06/02/2019,106.03
07/02/2019,105.27
08/02/2019,105.67
11/02/2019,105.25
12/02/2019,106.89
13/02/2019,106.81
14/02/2019,106.9
15/02/2019,108.22
19/02/2019,108.17
20/02/2019,107.15
21/02/2019,109.41
22/02/2019,110.97
25/02/2019,111.59
26/02/2019,112.36
27/02/2019,112.17
28/02/2019,112.03
01/03/2019,112.53
04/03/2019,112.26
05/03/2019,111.7
06/03/2019,111.75
07/03/2019,110.39
08/03/2019,110.51
11/03/2019,112.83
12/03/2019,113.62
13/03/2019,114.5
14/03/2019,114.59
15/03/2019,115.91
18/03/2019,117.57
19/03/2019,117.65
20/03/2019,117.52
21/03/2019,120.22
22/03/2019,117.05
25/03/2019,117.66
26/03/2019,117.91
27/03/2019,116.77
28/03/2019,116.93
29/03/2019,117.94
01/04/2019,119.02
02/04/2019,119.19
03/04/2019,119.97
04/04/2019,119.36
05/04/2019,119.89
08/04/2019,119.93
09/04/2019,119.28
10/04/2019,120.19
11/04/2019,120.33
12/04/2019,120.95
15/04/2019,121.05
16/04/2019,120.77
17/04/2019,121.77
18/04/2019,123.37
22/04/2019,123.76
23/04/2019,125.44
24/04/2019,125.01
25/04/2019,129.15
26/04/2019,129.89
29/04/2019,129.77
30/04/2019,130.6
01/05/2019,127.88
02/05/2019,126.21
03/05/2019,128.9
06/05/2019,128.15
07/05/2019,125.52
08/05/2019,125.51
09/05/2019,125.5
10/05/2019,127.13
13/05/2019,123.35
14/05/2019,124.73
15/05/2019,126.02
16/05/2019,128.93
17/05/2019,128.07
20/05/2019,126.22
21/05/2019,126.9
22/05/2019,127.67
23/05/2019,126.18
24/05/2019,126.24
28/05/2019,126.16
29/05/2019,124.94
30/05/2019,125.73
31/05/2019,123.68
03/06/2019,119.84
04/06/2019,123.16
05/06/2019,125.83
06/06/2019,127.82
07/06/2019,131.4
10/06/2019,132.6
11/06/2019,132.1
12/06/2019,131.49
13/06/2019,132.32
14/06/2019,132.45
17/06/2019,132.85
18/06/2019,135.16
19/06/2019,135.69
20/06/2019,136.95
21/06/2019,136.97
24/06/2019,137.78
25/06/2019,133.43
26/06/2019,133.93
27/06/2019,134.15
28/06/2019,133.96
01/07/2019,135.68
02/07/2019,136.58
03/07/2019,137.46
05/07/2019,137.06
08/07/2019,136.96
09/07/2019,136.46
10/07/2019,137.85
11/07/2019,138.4
12/07/2019,138.9
15/07/2019,138.9
16/07/2019,137.08
17/07/2019,136.27
18/07/2019,136.42
19/07/2019,136.62
22/07/2019,138.43
23/07/2019,139.29
24/07/2019,140.72
25/07/2019,140.19
26/07/2019,141.34
29/07/2019,141.03
30/07/2019,140.35
31/07/2019,136.27
01/08/2019,138.06
02/08/2019,136.9
05/08/2019,132.21
06/08/2019,134.69
07/08/2019,135.28
08/08/2019,138.89
09/08/2019,137.71
12/08/2019,135.79
13/08/2019,138.6
14/08/2019,133.98
15/08/2019,133.68
16/08/2019,136.13
19/08/2019,138.41
20/08/2019,137.26
21/08/2019,138.79
22/08/2019,137.78
23/08/2019,133.39
26/08/2019,135.45
27/08/2019,135.74
28/08/2019,135.56
29/08/2019,138.12
30/08/2019,137.86
03/09/2019,136.04
04/09/2019,137.63
05/09/2019,140.05
06/09/2019,139.1
09/09/2019,137.52
10/09/2019,136.08
11/09/2019,136.12
12/09/2019,137.52
13/09/2019,137.32
16/09/2019,136.33
17/09/2019,137.39
18/09/2019,138.52
19/09/2019,141.07
20/09/2019,139.44
23/09/2019,139.14
24/09/2019,137.38
25/09/2019,139.36
26/09/2019,139.54
27/09/2019,137.73
30/09/2019,139.03
01/10/2019,137.07
02/10/2019,134.65
03/10/2019,136.28
04/10/2019,138.12
07/10/2019,137.12
08/10/2019,135.67
09/10/2019,138.24
10/10/2019,139.1
11/10/2019,139.68
14/10/2019,139.55
15/10/2019,141.58
16/10/2019,140.41
17/10/2019,139.69
18/10/2019,137.41
21/10/2019,138.43
22/10/2019,136.37
23/10/2019,137.24
24/10/2019,139.94
25/10/2019,140.73
28/10/2019,144.19
29/10/2019,142.83
30/10/2019,144.61
31/10/2019,143.37
01/11/2019,143.72
04/11/2019,144.55
05/11/2019,144.46
06/11/2019,144.06
07/11/2019,144.26
08/11/2019,145.96
11/11/2019,146.11
12/11/2019,147.07
13/11/2019,147.31
14/11/2019,148.06
15/11/2019,149.97
18/11/2019,150.34
19/11/2019,150.39
20/11/2019,149.62
21/11/2019,149.48
22/11/2019,149.59
25/11/2019,151.23
26/11/2019,152.03
27/11/2019,152.32
29/11/2019,151.38
02/12/2019,149.55
03/12/2019,149.31
04/12/2019,149.85
05/12/2019,149.93
06/12/2019,151.75
09/12/2019,151.36
10/12/2019,151.13
11/12/2019,151.7
12/12/2019,153.24
13/12/2019,154.53
16/12/2019,155.53
17/12/2019,154.69
18/12/2019,154.37
19/12/2019,155.71
20/12/2019,157.41
23/12/2019,157.41
24/12/2019,157.38
26/12/2019,158.67
27/12/2019,158.96
30/12/2019,157.59
31/12/2019,157.7
02/01/2020,160.62
03/01/2020,158.62
06/01/2020,159.03
07/01/2020,157.58
08/01/2020,160.09
09/01/2020,162.09
10/01/2020,161.34
13/01/2020,163.28
14/01/2020,162.13
15/01/2020,163.18
16/01/2020,166.17
17/01/2020,167.1
21/01/2020,166.5
22/01/2020,165.7
23/01/2020,166.72
24/01/2020,165.04
27/01/2020,162.28
28/01/2020,165.46
29/01/2020,168.04
30/01/2020,172.78
31/01/2020,170.23
03/02/2020,174.38
04/02/2020,180.12
05/02/2020,179.9
06/02/2020,183.63
07/02/2020,183.89
10/02/2020,188.7
11/02/2020,184.44
12/02/2020,184.71
13/02/2020,183.71
14/02/2020,185.35
18/02/2020,187.23
19/02/2020,187.28
20/02/2020,184.42
21/02/2020,178.59
24/02/2020,170.89
25/02/2020,168.07
26/02/2020,170.17
27/02/2020,158.18
28/02/2020,162.01
02/03/2020,172.79
03/03/2020,164.51
04/03/2020,170.55
05/03/2020,166.27
06/03/2020,161.57
09/03/2020,150.62
10/03/2020,160.92
11/03/2020,153.63
12/03/2020,139.06
13/03/2020,158.83
16/03/2020,135.42
17/03/2020,146.57
18/03/2020,140.4
19/03/2020,142.71
20/03/2020,137.35
23/03/2020,135.98
24/03/2020,148.34
25/03/2020,146.92
26/03/2020,156.11
27/03/2020,149.7
30/03/2020,160.23
31/03/2020,157.71
01/04/2020,152.11
02/04/2020,155.26
03/04/2020,153.83
06/04/2020,165.27
07/04/2020,163.49
08/04/2020,165.13
09/04/2020,165.14
13/04/2020,165.51
14/04/2020,173.7
15/04/2020,171.88
16/04/2020,177.04
17/04/2020,178.6
20/04/2020,175.06
21/04/2020,167.82
22/04/2020,173.52
23/04/2020,171.42
24/04/2020,174.55
27/04/2020,174.05
28/04/2020,169.81
29/04/2020,177.43
30/04/2020,179.21
01/05/2020,174.57
04/05/2020,178.84
05/05/2020,180.76
06/05/2020,182.54
07/05/2020,183.6
08/05/2020,184.68
11/05/2020,186.74
12/05/2020,182.51
13/05/2020,179.75
14/05/2020,180.53
15/05/2020,183.16
18/05/2020,184.91
19/05/2020,183.63
20/05/2020,185.66
21/05/2020,183.43
22/05/2020,183.51
26/05/2020,181.57
27/05/2020,181.81
28/05/2020,181.4
29/05/2020,183.25
01/06/2020,182.83
02/06/2020,184.91
03/06/2020,185.36
04/06/2020,182.92
05/06/2020,187.2
08/06/2020,188.36
09/06/2020,189.8
10/06/2020,196.84
11/06/2020,186.27
12/06/2020,187.74
15/06/2020,188.94
16/06/2020,193.57
17/06/2020,194.24
18/06/2020,196.32
19/06/2020,195.15
22/06/2020,200.57
23/06/2020,201.91
24/06/2020,197.84
25/06/2020,200.34
26/06/2020,196.33
29/06/2020,198.44
30/06/2020,203.51
01/07/2020,204.7
02/07/2020,206.26
06/07/2020,210.7
07/07/2020,208.25
08/07/2020,212.83
09/07/2020,214.32
10/07/2020,213.67
13/07/2020,207.07
14/07/2020,208.35
15/07/2020,208.04
16/07/2020,203.92
17/07/2020,202.88
20/07/2020,211.6
21/07/2020,208.75
22/07/2020,211.75
23/07/2020,202.54
24/07/2020,201.3
27/07/2020,203.85
28/07/2020,202.02
29/07/2020,204.06
30/07/2020,203.9
31/07/2020,205.01
03/08/2020,216.54
04/08/2020,213.29
05/08/2020,212.94
06/08/2020,216.35
07/08/2020,212.48
10/08/2020,208.25
11/08/2020,203.38
12/08/2020,209.19
13/08/2020,208.7
14/08/2020,208.9
17/08/2020,210.28
18/08/2020,211.49
19/08/2020,209.7
20/08/2020,214.58
21/08/2020,213.02
24/08/2020,213.69
25/08/2020,216.47
26/08/2020,221.15
27/08/2020,226.58
28/08/2020,228.91
31/08/2020,225.53
01/09/2020,227.27
02/09/2020,231.65
03/09/2020,217.3
04/09/2020,214.25
08/09/2020,202.66
09/09/2020,211.29
10/09/2020,205.37
11/09/2020,204.03
14/09/2020,205.41
15/09/2020,208.78
16/09/2020,205.05
17/09/2020,202.91
18/09/2020,200.39
21/09/2020,202.54
22/09/2020,207.42
23/09/2020,200.59
24/09/2020,203.19
25/09/2020,207.82
28/09/2020,209.44
29/09/2020,207.26
30/09/2020,210.33
01/10/2020,212.46
02/10/2020,206.19
05/10/2020,210.38
06/10/2020,205.91
07/10/2020,209.83
08/10/2020,210.58
09/10/2020,215.81
12/10/2020,221.4
13/10/2020,222.86
14/10/2020,220.86
15/10/2020,219.66
16/10/2020,219.66
19/10/2020,214.22
20/10/2020,214.65
21/10/2020,214.8
22/10/2020,214.89
23/10/2020,216.23
26/10/2020,210.08
27/10/2020,213.25
28/10/2020,202.68
29/10/2020,204.72
30/10/2020,202.47
02/11/2020,202.33
03/11/2020,206.43
04/11/2020,216.39
05/11/2020,223.29
06/11/2020,223.72
09/11/2020,218.39
10/11/2020,211.01
11/11/2020,216.55
12/11/2020,215.44
13/11/2020,216.51
16/11/2020,217.23
17/11/2020,214.46
18/11/2020,211.08
19/11/2020,212.42
20/11/2020,210.39
23/11/2020,210.11
24/11/2020,213.86
25/11/2020,213.87
27/11/2020,215.23
30/11/2020,214.07
01/12/2020,216.21
02/12/2020,215.37
03/12/2020,214.24
04/12/2020,214.36
07/12/2020,214.29
08/12/2020,216.01
09/12/2020,211.8
10/12/2020,210.52
11/12/2020,213.26
14/12/2020,214.2
15/12/2020,214.13
16/12/2020,219.28
17/12/2020,219.42
18/12/2020,218.59
21/12/2020,222.59
22/12/2020,223.94
23/12/2020,221.02
24/12/2020,222.75
28/12/2020,224.96
29/12/2020,224.15
30/12/2020,221.68
31/12/2020,222.42
04/01/2021,217.69
05/01/2021,217.9
06/01/2021,212.25
07/01/2021,218.29
08/01/2021,219.62
11/01/2021,217.49
12/01/2021,214.93
13/01/2021,216.34
14/01/2021,213.02
15/01/2021,212.65
19/01/2021,216.44
20/01/2021,224.34
21/01/2021,224.97
22/01/2021,225.95
25/01/2021,229.53
26/01/2021,232.33
27/01/2021,232.9
28/01/2021,238.93
29/01/2021,231.96
01/02/2021,239.65
02/02/2021,239.51
03/02/2021,243
04/02/2021,242.01
05/02/2021,242.2
08/02/2021,242.47
09/02/2021,243.77
10/02/2021,242.82
11/02/2021,244.49
12/02/2021,244.99
16/02/2021,243.7
17/02/2021,244.2
18/02/2021,243.79
19/02/2021,240.97
22/02/2021,234.51
23/02/2021,233.27
24/02/2021,234.55
25/02/2021,228.99
26/02/2021,232.38
01/03/2021,236.94
02/03/2021,233.87
03/03/2021,227.56
04/03/2021,226.73
05/03/2021,231.6
08/03/2021,227.39
09/03/2021,233.78
10/03/2021,232.42
11/03/2021,237.13
12/03/2021,235.75
15/03/2021,234.81
16/03/2021,237.71
17/03/2021,237.04
18/03/2021,230.72
19/03/2021,230.35
22/03/2021,235.99
23/03/2021,237.58
24/03/2021,235.46
25/03/2021,232.34
26/03/2021,236.48
29/03/2021,235.24
30/03/2021,231.85
31/03/2021,235.77
01/04/2021,242.35
05/04/2021,249.07
06/04/2021,247.86
07/04/2021,249.9
08/04/2021,253.25
09/04/2021,255.85
12/04/2021,255.91
13/04/2021,258.49
14/04/2021,255.59
15/04/2021,259.5
16/04/2021,260.74
19/04/2021,258.74
20/04/2021,258.26
21/04/2021,260.58
22/04/2021,257.17
23/04/2021,261.15
26/04/2021,261.55
27/04/2021,261.97
28/04/2021,254.56
29/04/2021,252.51
30/04/2021,252.18
03/05/2021,251.86
04/05/2021,247.79
05/05/2021,246.47
06/05/2021,249.73
07/05/2021,252.46
10/05/2021,247.18
11/05/2021,246.23
12/05/2021,239
13/05/2021,243.03
14/05/2021,248.15
17/05/2021,245.18
18/05/2021,243.08
19/05/2021,243.12
20/05/2021,246.48
21/05/2021,245.17
24/05/2021,250.78
25/05/2021,251.72
26/05/2021,251.49
27/05/2021,249.31
28/05/2021,249.68
01/06/2021,247.4
02/06/2021,247.3
03/06/2021,245.71
04/06/2021,250.79
07/06/2021,253.81
08/06/2021,252.57
09/06/2021,253.59
10/06/2021,257.24
11/06/2021,257.89
14/06/2021,259.89
15/06/2021,258.36
16/06/2021,257.38
17/06/2021,260.9
18/06/2021,259.43
21/06/2021,262.63
22/06/2021,265.51
23/06/2021,265.28
24/06/2021,266.69
25/06/2021,265.02
28/06/2021,268.72
29/06/2021,271.4
30/06/2021,270.9
01/07/2021,271.6
02/07/2021,277.65
06/07/2021,277.66
07/07/2021,279.93
08/07/2021,277.42
09/07/2021,277.94
12/07/2021,277.32
13/07/2021,280.98
14/07/2021,282.51
15/07/2021,281.03
16/07/2021,280.75
19/07/2021,277.01
20/07/2021,279.32
21/07/2021,281.4
22/07/2021,286.14
23/07/2021,289.67
26/07/2021,289.05
27/07/2021,286.54
28/07/2021,286.22
29/07/2021,286.5
30/07/2021,284.91
02/08/2021,284.82
03/08/2021,287.12
04/08/2021,286.51
05/08/2021,289.52
06/08/2021,289.46
09/08/2021,288.33
10/08/2021,286.44
11/08/2021,286.95
12/08/2021,289.81
13/08/2021,292.85
16/08/2021,294.6
17/08/2021,293.08
18/08/2021,290.73
19/08/2021,296.77
20/08/2021,304.36
23/08/2021,304.65
24/08/2021,302.62
25/08/2021,302.01
26/08/2021,299.09
27/08/2021,299.72
30/08/2021,303.59
31/08/2021,301.88
01/09/2021,301.83
02/09/2021,301.15
03/09/2021,301.14
07/09/2021,300.18
08/09/2021,300.21
09/09/2021,297.25
10/09/2021,295.71
13/09/2021,296.99
14/09/2021,299.79
15/09/2021,304.82
16/09/2021,305.22
17/09/2021,299.87
20/09/2021,294.3
21/09/2021,294.8
22/09/2021,298.58
23/09/2021,299.56
24/09/2021,299.35
27/09/2021,294.17
28/09/2021,283.52
29/09/2021,284
30/09/2021,281.92
01/10/2021,289.1
04/10/2021,283.11
05/10/2021,288.76
06/10/2021,293.11
07/10/2021,294.85
08/10/2021,294.85
11/10/2021,294.23
12/10/2021,292.88
13/10/2021,296.31
14/10/2021,302.75
15/10/2021,304.21
18/10/2021,307.29
19/10/2021,308.23
20/10/2021,307.41
21/10/2021,310.76
22/10/2021,309.16
25/10/2021,308.13
26/10/2021,310.11
27/10/2021,323.17
28/10/2021,324.35
29/10/2021,331.62
01/11/2021,329.37
02/11/2021,333.13
03/11/2021,334
04/11/2021,336.44
05/11/2021,336.06
08/11/2021,336.99
09/11/2021,335.95
10/11/2021,330.8
11/11/2021,332.43
12/11/2021,336.72
15/11/2021,336.07
16/11/2021,339.51
17/11/2021,339.12
18/11/2021,341.27
19/11/2021,343.11
22/11/2021,339.83
23/11/2021,337.68
24/11/2021,337.91
26/11/2021,329.68
29/11/2021,336.63
30/11/2021,330.59
01/12/2021,330.08
02/12/2021,329.49
03/12/2021,323.01
06/12/2021,326.19
07/12/2021,334.92
08/12/2021,334.97
09/12/2021,333.1
10/12/2021,342.54
13/12/2021,339.4
14/12/2021,328.34
15/12/2021,334.65
16/12/2021,324.9
17/12/2021,323.8
20/12/2021,319.91
21/12/2021,327.29
22/12/2021,333.2
23/12/2021,334.69
27/12/2021,342.45
28/12/2021,341.25
29/12/2021,341.95
30/12/2021,339.32
31/12/2021,336.32
03/01/2022,334.75
04/01/2022,329.01
05/01/2022,316.38
06/01/2022,313.88
07/01/2022,314.04
10/01/2022,314.27
11/01/2022,314.98
12/01/2022,318.27
13/01/2022,304.8
14/01/2022,310.2
18/01/2022,302.65
19/01/2022,303.33
20/01/2022,301.6
21/01/2022,296.03
24/01/2022,296.37
25/01/2022,288.49
26/01/2022,296.71
27/01/2022,299.84
28/01/2022,308.26
31/01/2022,310.98
01/02/2022,308.76
02/02/2022,313.46
03/02/2022,301.25
04/02/2022,305.94
07/02/2022,300.95
08/02/2022,304.56
09/02/2022,311.21
10/02/2022,302.38
11/02/2022,295.04
14/02/2022,295
15/02/2022,300.47
16/02/2022,299.5
17/02/2022,290.73
18/02/2022,287.93
22/02/2022,287.72
23/02/2022,280.27
24/02/2022,294.59
25/02/2022,297.31
28/02/2022,298.79
01/03/2022,294.95
02/03/2022,300.19
03/03/2022,295.92
04/03/2022,289.86
07/03/2022,278.91
08/03/2022,275.85
09/03/2022,288.5
10/03/2022,285.59
11/03/2022,280.07
14/03/2022,276.44
15/03/2022,287.15
16/03/2022,294.39
17/03/2022,295.22
18/03/2022,300.43
21/03/2022,299.16
22/03/2022,304.06
23/03/2022,299.49
24/03/2022,304.1
25/03/2022,303.68
28/03/2022,310.7
29/03/2022,315.41
30/03/2022,313.86
31/03/2022,308.31
01/04/2022,309.42
04/04/2022,314.97
05/04/2022,310.88
06/04/2022,299.5
07/04/2022,301.37
08/04/2022,296.97
11/04/2022,285.26
12/04/2022,282.06
13/04/2022,287.62
14/04/2022,279.83
18/04/2022,280.52
19/04/2022,285.3
20/04/2022,286.36
21/04/2022,280.81
22/04/2022,274.03
25/04/2022,280.72
26/04/2022,270.22
27/04/2022,283.22
28/04/2022,289.63
29/04/2022,277.52
02/05/2022,284.47
03/05/2022,281.78
04/05/2022,289.98
05/05/2022,277.35
06/05/2022,274.73
09/05/2022,264.58
10/05/2022,269.5
11/05/2022,260.55
12/05/2022,255.35
13/05/2022,261.12
16/05/2022,261.5
17/05/2022,266.82
18/05/2022,254.08
19/05/2022,253.14
20/05/2022,252.56
23/05/2022,260.65
24/05/2022,259.62
25/05/2022,262.52
26/05/2022,265.9
27/05/2022,273.24
31/05/2022,271.87
01/06/2022,272.42
02/06/2022,274.58
03/06/2022,270.02
06/06/2022,268.75
07/06/2022,272.5
08/06/2022,270.41
09/06/2022,264.79
10/06/2022,252.99
13/06/2022,242.26
14/06/2022,244.49
15/06/2022,251.76
16/06/2022,244.97
17/06/2022,247.65
21/06/2022,253.74
22/06/2022,253.13
23/06/2022,258.86
24/06/2022,267.7
27/06/2022,264.89
28/06/2022,256.48
29/06/2022,260.26
30/06/2022,256.83
01/07/2022,259.58
05/07/2022,262.85
06/07/2022,266.21
07/07/2022,268.4
08/07/2022,267.66
11/07/2022,264.51
12/07/2022,253.67
13/07/2022,252.72
14/07/2022,254.08
15/07/2022,256.72
18/07/2022,254.25
19/07/2022,259.53
20/07/2022,262.27
21/07/2022,264.84
22/07/2022,260.36
25/07/2022,258.83
26/07/2022,251.9
27/07/2022,268.74
28/07/2022,276.41
29/07/2022,280.74
01/08/2022,278.01
02/08/2022,274.82
03/08/2022,282.47
04/08/2022,283.65
05/08/2022,282.91
08/08/2022,280.32
09/08/2022,282.3
10/08/2022,289.16
11/08/2022,287.02
12/08/2022,291.91
15/08/2022,293.47
16/08/2022,292.71
17/08/2022,291.32
18/08/2022,290.17
19/08/2022,286.15
22/08/2022,277.75
23/08/2022,276.44
24/08/2022,275.79
25/08/2022,278.85
26/08/2022,268.09
29/08/2022,265.23
30/08/2022,262.97
31/08/2022,261.47
01/09/2022,260.4
02/09/2022,256.06
06/09/2022,253.25
07/09/2022,258.09
08/09/2022,258.52
09/09/2022,264.46
12/09/2022,266.65
13/09/2022,251.99
14/09/2022,252.22
15/09/2022,245.38
16/09/2022,244.74
19/09/2022,244.52
20/09/2022,242.45
21/09/2022,238.95
22/09/2022,240.98
23/09/2022,237.92
26/09/2022,237.45
27/09/2022,236.41
28/09/2022,241.07
29/09/2022,237.5
30/09/2022,232.9
03/10/2022,240.74
04/10/2022,248.88
05/10/2022,249.2
06/10/2022,246.79
07/10/2022,234.24
